"variable","value"
"ACIJUB",7.457495398188033e-29
"ACIJUB",5.077000132703591e-28
"ACIJUB",0.008494392109989096
"ACIJUB",0.001951553115736837
"ACIJUB",0.00045571152047298635
"ACIJUB",0.0009997027172209021
"ACIJUB",0.00046028750042101255
"ACIJUB",0.0005528021995485052
"ACIJUB",0.000683042923833023
"ACIJUB",0.0004406305601955276
"ACIJUB",0.0006867354521454315
"ACIJUB",0.0005330344771920154
"ACIJUB",0.0005953437146173121
"ACIJUB",0.0003800807060287201
"ACIJUB",1.0
"CONTAU",0.17292170786019928
"CONTAU",0.0922402986934559
"CONTAU",0.1747617131626831
"CONTAU",0.04453516573867396
"CONTAU",0.012358434179194577
"CONTAU",0.022948913241659152
"CONTAU",0.010446432620033714
"CONTAU",0.01276580420337592
"CONTAU",0.016122360475222645
"CONTAU",0.011923036787482369
"CONTAU",0.043252303318816875
"CONTAU",0.0718790123100067
"CONTAU",0.06261482008068962
"CONTAU",0.04168681376982416
"CONTAU",0.060175338365232506
"GAZGRA",0.15513343040492344
"GAZGRA",0.07487901440067796
"GAZGRA",0.15683973045149696
"GAZGRA",0.03834708424797357
"GAZGRA",0.014875893904049512
"GAZGRA",0.10392338204325004
"GAZGRA",0.07873011522517313
"GAZGRA",0.0800978638832559
"GAZGRA",0.06783875030450942
"GAZGRA",0.06781007462469903
"GAZGRA",0.038033491178703305
"GAZGRA",0.028413621688283198
"GAZGRA",0.03180005779193178
"GAZGRA",0.039345451497858404
"GAZGRA",0.05743141794710073
"GAZTHO",0.13676058554271556
"GAZTHO",0.10666183884344449
"GAZTHO",0.18334861432683622
"GAZTHO",0.0666095069668083
"GAZTHO",0.016334146356448833
"GAZTHO",0.22735033353055192
"GAZTHO",0.2510520275771624
"GAZTHO",0.08664758257399974
"GAZTHO",0.06746498758150982
"GAZTHO",0.09304740108426483
"GAZTHO",0.07658538393558796
"GAZTHO",0.12437279419500133
"GAZTHO",0.17499047061668785
"GAZTHO",0.05701692159034592
"GAZTHO",0.07832756507946326
"MADKIR",0.03114033700784499
"MADKIR",0.01880199433837672
"MADKIR",0.1508065114496921
"MADKIR",0.041807943235968315
"MADKIR",0.012482460229128566
"MADKIR",0.4134339002804454
"MADKIR",0.7603755134608268
"MADKIR",1.0
"MADKIR",0.6494960727307927
"MADKIR",0.37378919715019465
"MADKIR",0.7693067500496645
"MADKIR",0.6500887058841361
"MADKIR",0.5703058016221693
"MADKIR",0.48960802740789083
"MADKIR",0.5191037030765735
"OUROUR",0.00032158915018137715
"OUROUR",0.0007120203587071909
"OUROUR",0.03193692356324023
"OUROUR",0.008036285465509996
"OUROUR",0.004782574715396249
"OUROUR",0.01029535959394789
"OUROUR",0.011017242261087846
"OUROUR",0.006049042611719959
"OUROUR",0.00700516677992232
"OUROUR",0.012901039155857316
"OUROUR",0.009794537825558218
"OUROUR",0.007939603931284836
"OUROUR",0.04292393135409385
"OUROUR",0.017929431133301924
"OUROUR",0.02194846824813302
"PHAAET",0.0021211190099246205
"PHAAET",0.003872961004220229
"PHAAET",0.03617977358877367
"PHAAET",0.009644125572050275
"PHAAET",0.02152274377290738
"PHAAET",0.05759723770352453
"PHAAET",0.21969662980220678
"PHAAET",0.05116801204268148
"PHAAET",0.041042365234755275
"PHAAET",0.028567545708499488
"PHAAET",0.044131204373590326
"PHAAET",0.03427987892755665
"PHAAET",0.5404847050795636
"PHAAET",0.80381309765188
"PHAAET",0.16453463845140878
"REDRED",6.5832615504240296e-6
"REDRED",1.1483193269269424e-5
"REDRED",0.030680188162215953
"REDRED",0.007257449879820476
"REDRED",0.0021271383327329807
"REDRED",0.0046121479946485446
"REDRED",0.00578891076796946
"REDRED",0.004354331063422919
"REDRED",0.003342631197765667
"REDRED",0.002152971681915956
"REDRED",0.0032826898119195686
"REDRED",0.002423572839892859
"REDRED",0.0025686974382032397
"REDRED",0.0015657782516096445
"REDRED",0.0025633546518752217
"CANAUR",8.582450473777116e-29
"CANAUR",4.78336740723128e-28
"CANAUR",0.002304812575785744
"CANAUR",0.000515065069871887
"CANAUR",0.00011827851514922625
"CANAUR",0.00025640765378260146
"CANAUR",0.00011704937220227442
"CANAUR",0.00013962289259240111
"CANAUR",0.00017157120189392473
"CANAUR",0.0001102004708661084
"CANAUR",0.00017110844965692896
"CANAUR",0.00013240328845015895
"CANAUR",0.00014748895320569434
"CANAUR",9.394375697333564e-5
"CANAUR",0.00354907853683524
"EQUBUR",0.07535170745699041
"EQUBUR",0.04222846006284175
"EQUBUR",0.09918684953190973
"EQUBUR",0.026670263512357358
"EQUBUR",0.006328511502962719
"EQUBUR",0.013023577745274071
"EQUBUR",0.006072602593604894
"EQUBUR",0.007234932579383326
"EQUBUR",0.008916302449048468
"EQUBUR",0.017339603857828772
"EQUBUR",0.026975767579561494
"EQUBUR",0.44735640317636644
"EQUBUR",1.0
"EQUBUR",0.816088205496814
"EQUBUR",0.03288504765506798
"CANMES",7.558486415047917e-29
"CANMES",1.0111077600323981e-27
"CANMES",0.002277965690273594
"CANMES",0.0005039870291853909
"CANMES",0.00011501412726685193
"CANMES",0.0002482022364847978
"CANMES",0.00011292946474859508
"CANMES",0.0001343489862458115
"CANMES",0.00016473054135473638
"CANMES",0.00010562241867836648
"CANMES",0.0001637522019103315
"CANMES",0.0001265541698223589
"CANMES",0.00014082353091190937
"CANMES",8.961387297857473e-5
"CANMES",0.0126118294690683
"CARCAR",4.992201811513894e-29
"CARCAR",6.9534515085077e-28
"CARCAR",0.0002209162484063707
"CARCAR",4.949113343165937e-5
"CARCAR",1.1382832815977738e-5
"CARCAR",2.4703779921891498e-5
"CARCAR",1.128670074019932e-5
"CARCAR",1.3472283734069938e-5
"CARCAR",1.6563934154324502e-5
"CARCAR",1.0643544546808834e-5
"CARCAR",1.653229971293893e-5
"CARCAR",1.2796689131244513e-5
"CARCAR",1.425869902367166e-5
"CARCAR",9.084230957399938e-6
"CARCAR",0.006489328747213021
"PEDCAP",0.0006203173781190452
"PEDCAP",0.0007143738400022419
"PEDCAP",0.007320758791289015
"PEDCAP",0.003097742485169169
"PEDCAP",0.0012027644192668754
"PEDCAP",0.004401558585411585
"PEDCAP",0.0017336518136394574
"PEDCAP",0.0015599005557976314
"PEDCAP",0.0017314963277333506
"PEDCAP",0.0017127549926433125
"PEDCAP",0.0025154711738333735
"PEDCAP",0.002595084252307591
"PEDCAP",0.04589450327794447
"PEDCAP",0.1098529670158555
"PEDCAP",0.17469559750210711
"PROCAP",1.0
"PROCAP",1.0
"PROCAP",1.0
"PROCAP",0.7646602866368548
"PROCAP",0.08322257158570825
"PROCAP",0.17749585366275678
"PROCAP",0.0868668141896601
"PROCAP",0.17402535808966352
"PROCAP",1.0
"PROCAP",0.6655953530280196
"PROCAP",1.0
"PROCAP",0.6216525307971703
"PROCAP",0.5580325631095865
"PROCAP",0.47821102042085295
"PROCAP",0.5109414805425642
"RHAPUM",0.00881780349757518
"RHAPUM",0.01593868004884556
"RHAPUM",0.08615742634631604
"RHAPUM",0.050854316836650273
"RHAPUM",0.008124805785807963
"RHAPUM",0.015939738459319057
"RHAPUM",0.008267926282056862
"RHAPUM",0.012209758279192948
"RHAPUM",0.02308777291286784
"RHAPUM",0.029224966377382727
"RHAPUM",0.06453896561253268
"RHAPUM",0.8688721591627296
"RHAPUM",0.06866956247459403
"RHAPUM",0.018616897334276305
"RHAPUM",0.07110640517292222
"CROCRO",6.713371234645283e-29
"CROCRO",3.568557416542264e-28
"CROCRO",0.061626294442489696
"CROCRO",0.014136958366558797
"CROCRO",0.003297617265275187
"CROCRO",0.00722811163569472
"CROCRO",0.003325872269569379
"CROCRO",0.003992281498212054
"CROCRO",0.004930728117375017
"CROCRO",0.003179706500570722
"CROCRO",0.004954154732304985
"CROCRO",0.0038443316870847206
"CROCRO",0.004292706727855018
"CROCRO",0.0027400200659514376
"CROCRO",0.0081922343548175
"AEPMEL",0.06484160306672394
"AEPMEL",0.06111404761638465
"AEPMEL",0.09012848722391595
"AEPMEL",0.12487647801158418
"AEPMEL",0.05757965760454563
"AEPMEL",0.10880827812642763
"AEPMEL",0.1328935344784784
"AEPMEL",0.07217730863030722
"AEPMEL",0.07352394299444755
"AEPMEL",0.3678671474863693
"AEPMEL",0.20453711790941603
"AEPMEL",1.0
"AEPMEL",0.3014369145107649
"AEPMEL",0.814934716817214
"AEPMEL",0.11503468063061752
"ALCBUS",0.11689796887821946
"ALCBUS",0.05173993828392429
"ALCBUS",0.08680400717613618
"ALCBUS",0.019482362407407586
"ALCBUS",0.004452140255218912
"ALCBUS",0.009732760245637661
"ALCBUS",0.004687684674277306
"ALCBUS",0.021150120360432262
"ALCBUS",0.00926709250794841
"ALCBUS",0.005942116800952306
"ALCBUS",0.009239650159175779
"ALCBUS",0.015337597210185164
"ALCBUS",0.016491156308424706
"ALCBUS",0.009572626245645777
"ALCBUS",0.011434594416031485
"DAMKOR",0.012008868487278288
"DAMKOR",0.009857391648750206
"DAMKOR",0.03554792378028713
"DAMKOR",0.011241947266728084
"DAMKOR",0.028025210234675777
"DAMKOR",0.021939279497716548
"DAMKOR",0.010205145607213877
"DAMKOR",0.016960285117629297
"DAMKOR",0.021000399278876397
"DAMKOR",0.39458416022293863
"DAMKOR",0.25399508940278664
"DAMKOR",0.16296901966183577
"DAMKOR",0.18981280345256255
"DAMKOR",0.8141773743105275
"DAMKOR",0.10214620961079744
"KOBELL",0.0005475633907574641
"KOBELL",0.000887093571929895
"KOBELL",0.02392376569396537
"KOBELL",0.006430482778755251
"KOBELL",0.00916428305926101
"KOBELL",0.04195447318363677
"KOBELL",0.09513052013500979
"KOBELL",0.061376198959704024
"KOBELL",0.041534015360268794
"KOBELL",0.05021201644620947
"KOBELL",0.5978556410976202
"KOBELL",0.24759109848990504
"KOBELL",0.26982774082825217
"KOBELL",0.5705888500777173
"KOBELL",0.508581479673298
"LEPSER",1.0629563220325989e-28
"LEPSER",4.107360572589001e-28
"LEPSER",0.002417018817379226
"LEPSER",0.000534842155388357
"LEPSER",0.00012206857257548375
"LEPSER",0.0002634463752858017
"LEPSER",0.0001198722877011659
"LEPSER",0.00014261526905211283
"LEPSER",0.0001748727915679492
"LEPSER",0.00011212884778727629
"LEPSER",0.00017384404263497518
"LEPSER",0.00013435647834033373
"LEPSER",0.0001495084065779697
"LEPSER",9.51421096969902e-5
"LEPSER",0.005378489782923746
"LYCPIC",9.767236144484179e-29
"LYCPIC",4.611519772580462e-28
"LYCPIC",0.0878228702446149
"LYCPIC",0.02025364212434182
"LYCPIC",0.004738791331457154
"LYCPIC",0.01040866697789457
"LYCPIC",0.004796354183027445
"LYCPIC",0.005763952874989764
"LYCPIC",0.007125304646241128
"LYCPIC",0.004598174679981326
"LYCPIC",0.007168509636305785
"LYCPIC",0.0055653612426030405
"LYCPIC",0.006217074095062207
"LYCPIC",0.0039697681753006414
"LYCPIC",0.005614593002680469
"TRASCR",0.00013395517107145597
"TRASCR",0.0003804910781168183
"TRASCR",0.021646237779701507
"TRASCR",0.004830720927603309
"TRASCR",0.012640699141167715
"TRASCR",0.010040914462096913
"TRASCR",0.003324728233897864
"TRASCR",0.003071082919547694
"TRASCR",0.0037284255642214877
"TRASCR",0.004267956793118916
"TRASCR",0.006298509963193881
"TRASCR",0.017515370605055394
"TRASCR",0.012352655929461363
"TRASCR",0.004338917401007438
"TRASCR",0.010273843146502913
"PANLEO",9.218129348220126e-29
"PANLEO",3.6822080491495603e-28
"PANLEO",0.14737566765734106
"PANLEO",0.03394611675467067
"PANLEO",0.00793600623107212
"PANLEO",0.017420845892170602
"PANLEO",0.00802392731796271
"PANLEO",0.009639141789713274
"PANLEO",0.011912173188318966
"PANLEO",0.007685461603687224
"PANLEO",0.011979083445602343
"PANLEO",0.009298449004240567
"PANLEO",0.01038566302555018
"PANLEO",0.0066306520454438396
"PANLEO",0.010119708349269348
"GIRCAM",0.00499434723409177
"GIRCAM",0.00999314852454958
"GIRCAM",0.011620256931945362
"GIRCAM",0.24372277170480197
"GIRCAM",0.03407808053342968
"GIRCAM",0.06854498586252154
"GIRCAM",0.13254537723427587
"GIRCAM",0.5297977219904697
"GIRCAM",0.15408877921176967
"GIRCAM",0.11125314098165554
"GIRCAM",0.17181191662670145
"GIRCAM",0.19861016518309826
"GIRCAM",0.763221576910481
"GIRCAM",0.5300452309576481
"GIRCAM",0.4275966451049529
"SYNCAF",0.0583856610501169
"SYNCAF",0.031639645709365914
"SYNCAF",0.034075190566731646
"SYNCAF",0.017704270538376882
"SYNCAF",0.007822207443357904
"SYNCAF",0.015134597259436739
"SYNCAF",0.007607213892357262
"SYNCAF",0.009070668711863232
"SYNCAF",0.01694188551991582
"SYNCAF",0.3120452839587481
"SYNCAF",0.030746980562704897
"SYNCAF",0.023922283914591412
"SYNCAF",0.04877005971448725
"SYNCAF",0.026037102397044615
"SYNCAF",0.032064833150088665
"TAUORY",0.0010168187432304284
"TAUORY",0.0012529868413011045
"TAUORY",0.01296836000526374
"TAUORY",0.0043721876103807
"TAUORY",0.002001042511179093
"TAUORY",0.03003870829100652
"TAUORY",0.01418401658657886
"TAUORY",0.2636227315738709
"TAUORY",0.20386589280882314
"TAUORY",0.1339788585417887
"TAUORY",0.5344259451661145
"TAUORY",0.6976308540043942
"TAUORY",0.8214422319002279
"TAUORY",0.5212143763192787
"TAUORY",0.41194833519443536
"PANPAR",5.861506967654274e-29
"PANPAR",2.8498094183719948e-28
"PANPAR",0.20095105300963814
"PANPAR",0.046217701400375566
"PANPAR",0.010795001352435076
"PANPAR",0.023681177845090676
"PANPAR",0.010902176747377658
"PANPAR",0.013091742129548771
"PANPAR",0.01617387065949026
"PANPAR",0.01043240780035816
"PANPAR",0.016257148301600577
"PANPAR",0.012616954264341158
"PANPAR",0.014090044973367166
"PANPAR",0.00899448558488006
"PANPAR",0.6836389454372397
"HETBRU",0.7055732476913044
"HETBRU",0.5311536282468667
"HETBRU",0.5607818557667555
"HETBRU",0.13322456627431237
"HETBRU",0.03394982764358154
"HETBRU",0.07612849445426993
"HETBRU",0.03532941925915108
"HETBRU",0.13269942792091297
"HETBRU",0.5536662354277132
"HETBRU",0.5030847320416335
"HETBRU",0.7691333418905445
"HETBRU",0.7499515896209245
"HETBRU",0.7001978610286901
"HETBRU",0.47374461540109686
"HETBRU",0.5493002633070909
"PAPANU",0.0021645680670763397
"PAPANU",0.005710915972045964
"PAPANU",0.008500562379322328
"PAPANU",0.10791572422130676
"PAPANU",1.0
"PAPANU",1.0
"PAPANU",1.0
"PAPANU",0.48640024844282687
"PAPANU",0.6569214339734171
"PAPANU",0.5948160952621915
"PAPANU",0.8508539341218204
"PAPANU",0.5245579868846075
"PAPANU",0.454916272608828
"PAPANU",0.4768587210823809
"PAPANU",0.4600157729037427
"ACASEN",0.0036683644956439962
"ACASEN",0.005898702753331404
"ACASEN",0.005346595484425273
"ACASEN",0.04057904325066998
"ACASEN",0.009053774659388253
"ACASEN",0.017784396042559422
"ACASEN",0.012458741257894626
"ACASEN",0.00916313627832335
"ACASEN",0.005745347531020744
"ACASEN",0.003807601786426358
"ACASEN",0.00516970023290798
"ACASEN",0.004014158974489149
"ACASEN",0.00448131118787606
"ACASEN",0.002811271274551244
"ACASEN",0.00333229156827606
"ACATOR",0.020173813093786196
"ACATOR",0.038630667689333216
"ACATOR",0.035171548024179274
"ACATOR",0.02263577597390449
"ACATOR",0.016162338830188736
"ACATOR",0.07159034470872214
"ACATOR",0.033893879100946385
"ACATOR",0.2630223494306139
"ACATOR",0.088096281521422
"ACATOR",0.07247573864590984
"ACATOR",0.037955253628081734
"ACATOR",0.015423017586215067
"ACATOR",0.017019647268479942
"ACATOR",0.010274759183633589
"ACATOR",0.012178530863950252
"ANDGRE",0.06423777111170509
"ANDGRE",0.11435729172579111
"ANDGRE",0.1043836417382937
"ANDGRE",0.08617270300821332
"ANDGRE",0.03221175910578235
"ANDGRE",0.06477188745975782
"ANDGRE",0.038180989895156926
"ANDGRE",0.041223344607197045
"ANDGRE",0.037990894171591405
"ANDGRE",0.02739888573176952
"ANDGRE",0.04266120895852051
"ANDGRE",0.08927667915466866
"ANDGRE",0.06714047080698173
"ANDGRE",0.031157159458571025
"ANDGRE",0.03692183282778771
"ARI",0.05851458824453263
"ARI",0.06686630925379249
"ARI",0.062262585692300816
"ARI",0.01669104116813872
"ARI",0.015212276724297933
"ARI",0.023173821451356234
"ARI",0.014832338458328886
"ARI",0.016924260920578443
"ARI",0.020055816693634657
"ARI",0.05951989360195502
"ARI",0.026454975752887255
"ARI",0.02020988289714628
"ARI",0.022514524715897325
"ARI",0.03589461897072828
"ARI",0.04253201626258594
"BRASEM",0.041883475196189186
"BRASEM",0.057293972407096716
"BRASEM",0.052586090753904746
"BRASEM",0.012569404616736248
"BRASEM",0.01946325524560732
"BRASEM",0.0284882675094786
"BRASEM",0.013073764994785199
"BRASEM",0.02056892427623677
"BRASEM",0.05992829066786634
"BRASEM",0.028264566747666187
"BRASEM",0.02472630776597382
"BRASEM",0.01927203709734465
"BRASEM",0.021842109856558763
"BRASEM",0.01385048637857754
"BRASEM",0.01641374084651182
"CHLGAY",0.0033562908483397284
"CHLGAY",0.01836254752257353
"CHLGAY",0.016638379112820748
"CHLGAY",0.0041163967706821965
"CHLGAY",0.00198435812482203
"CHLGAY",0.039492494833897426
"CHLGAY",0.07005414450728958
"CHLGAY",0.04640386562899432
"CHLGAY",0.056723033903466794
"CHLGAY",0.058333622524934695
"CHLGAY",0.1827459741467149
"CHLGAY",0.11788923123303896
"CHLGAY",0.07923423667841824
"CHLGAY",0.04960907199380543
"CHLGAY",0.05877324430998291
"COMMOL",0.0017654278317862679
"COMMOL",0.0032558962661738333
"COMMOL",0.0029520482273832317
"COMMOL",0.002911599030610198
"COMMOL",0.0019814185565024977
"COMMOL",0.018543995548037113
"COMMOL",0.012163222470995607
"COMMOL",0.06942963407574232
"COMMOL",0.032969971131072265
"COMMOL",0.02319440570492443
"COMMOL",0.04159429782001644
"COMMOL",0.02392515317902079
"COMMOL",0.024900818024155294
"COMMOL",0.0059388803978585696
"COMMOL",0.007037509441119848
"CROMAC",0.010538491510342418
"CROMAC",0.025951369249591478
"CROMAC",0.02354520594142754
"CROMAC",0.12192218055106371
"CROMAC",0.0633554777497261
"CROMAC",0.039353233058725866
"CROMAC",0.017908303980148886
"CROMAC",0.02182274429711633
"CROMAC",0.027459620731416473
"CROMAC",0.11015017295866708
"CROMAC",0.08659321332650961
"CROMAC",0.014009668559704234
"CROMAC",0.015349651289010039
"CROMAC",0.009767742143876934
"CROMAC",0.01157760297025409
"CYNDAC",0.14959910754243486
"CYNDAC",0.16261115554692246
"CYNDAC",0.14974805316047943
"CYNDAC",0.061654395030451475
"CYNDAC",0.018214932871849186
"CYNDAC",0.1681204475517206
"CYNDAC",0.04327294862280508
"CYNDAC",0.051337706695461414
"CYNDAC",0.04310358198578668
"CYNDAC",0.02175363432095721
"CYNDAC",0.032848017535826037
"CYNDAC",0.026995230227101787
"CYNDAC",0.05100250581212277
"CYNDAC",0.017244376680247347
"CYNDAC",0.020447650882460047
"GREBIC",0.016481595674721388
"GREBIC",0.04032823195233596
"GREBIC",0.03662303173350002
"GREBIC",0.07993286103280527
"GREBIC",0.027319789207423274
"GREBIC",0.05284581140896021
"GREBIC",0.03157896143031464
"GREBIC",0.19150745308324693
"GREBIC",0.0480979407297925
"GREBIC",0.03089393432436878
"GREBIC",0.04378017575683149
"GREBIC",0.03554063261480582
"GREBIC",0.05492189154429571
"GREBIC",0.058093735594324535
"GREBIC",0.06882776591362622
"HARSCH",0.08802061397361838
"HARSCH",0.09434647746512662
"HARSCH",0.0871579989424017
"HARSCH",0.019524593239229875
"HARSCH",0.009898075284653845
"HARSCH",0.018010817316724947
"HARSCH",0.00981670468279863
"HARSCH",0.01136058206759203
"HARSCH",0.013849627525184675
"HARSCH",0.01271100075900664
"HARSCH",0.01889104329056564
"HARSCH",0.016435444718471155
"HARSCH",0.018606391143142737
"HARSCH",0.943966562692399
"HARSCH",0.0718964525500905
"HIB",0.03441286801458694
"HIB",0.05452079439465403
"HIB",0.04996795493189286
"HIB",0.03281085972650439
"HIB",0.007500548532586452
"HIB",0.016316546376271855
"HIB",0.007529236201096771
"HIB",0.012898251246544382
"HIB",0.016062718912655923
"HIB",1.0
"HIB",0.03528108657865255
"HIB",0.027072346531535032
"HIB",0.029400229894042024
"HIB",0.01896825032533061
"HIB",0.022475966848928462
"HYPFIL",0.061140172514564245
"HYPFIL",0.11996433107565926
"HYPFIL",0.10940193588223135
"HYPFIL",0.054298788621541125
"HYPFIL",0.022352365008593215
"HYPFIL",0.05052474754447625
"HYPFIL",0.021375016370649997
"HYPFIL",0.025412425000805684
"HYPFIL",0.034587826776528025
"HYPFIL",0.03424299501340057
"HYPFIL",0.0841036013856277
"HYPFIL",0.08095126168582112
"HYPFIL",0.3132580205261442
"HYPFIL",0.04518050564777608
"HYPFIL",0.053535452384901754
"HYPRUF",0.029594582323418894
"HYPRUF",0.050663475102414916
"HYPRUF",0.046554056650154614
"HYPRUF",0.012850783395420071
"HYPRUF",0.0040996105722095055
"HYPRUF",0.008716719595222178
"HYPRUF",0.005671537052957077
"HYPRUF",0.006499416282262934
"HYPRUF",0.008035262984884984
"HYPRUF",0.020825184415702774
"HYPRUF",0.013801792141190917
"HYPRUF",0.010026208590872727
"HYPRUF",0.011121850539016206
"HYPRUF",0.00715260255849624
"HYPRUF",0.008475476653766635
"INDHOC",0.019117722747884407
"INDHOC",0.03911474296534737
"INDHOC",0.03558489371360684
"INDHOC",0.07516595705241735
"INDHOC",0.03390453685312902
"INDHOC",0.05778747341472957
"INDHOC",0.02564770647247187
"INDHOC",0.03256612065373672
"INDHOC",0.031065946844248696
"INDHOC",0.03786484440806647
"INDHOC",0.04020622197419089
"INDHOC",0.06044102423806084
"INDHOC",0.02138503921208216
"INDHOC",0.011777844409573758
"INDHOC",0.013958694168031015
"PANMAX",0.02393184306822751
"PANMAX",0.039479591112967234
"PANMAX",0.03588487661860721
"PANMAX",0.012709475955706314
"PANMAX",0.0029123555215641982
"PANMAX",0.008219527206688068
"PANMAX",0.2125021880506126
"PANMAX",0.3492109353951729
"PANMAX",0.1700152715349229
"PANMAX",0.17964710910507123
"PANMAX",0.20769191362698003
"PANMAX",0.35318617784106493
"PANMAX",0.3928984468491282
"PANMAX",0.06324504741992747
"PANMAX",0.0749411371610318
"PENMEZ",0.06421209984115551
"PENMEZ",0.08125033505425143
"PENMEZ",0.07474854407995317
"PENMEZ",0.04341947095837982
"PENMEZ",0.008261180108512638
"PENMEZ",0.017788186024234067
"PENMEZ",0.011626486979560147
"PENMEZ",0.014905868297751675
"PENMEZ",0.020079606223275835
"PENMEZ",0.8594674104477317
"PENMEZ",0.02402890401177462
"PENMEZ",0.01611329295533893
"PENMEZ",0.01544664684602603
"PENMEZ",0.007576065534106532
"PENMEZ",0.008983558062783673
"SID",0.03650220418948168
"SID",0.06762511631192823
"SID",0.06180068729551606
"SID",0.054468777258604426
"SID",0.017068762543915494
"SID",0.02747489440554709
"SID",0.010656663884483865
"SID",0.012410087496833169
"SID",0.015292601111464578
"SID",0.0145090106902662
"SID",0.047950349026236745
"SID",0.019885269659235986
"SID",0.02118100884809663
"SID",0.009146264331695934
"SID",0.010840586667322093
"SOLINC",0.06541095153788948
"SOLINC",0.07777117040153153
"SOLINC",0.07182246378039445
"SOLINC",0.03931831193861028
"SOLINC",0.009011207343261043
"SOLINC",0.05251236856058984
"SOLINC",0.03302434461996999
"SOLINC",0.07358538655989058
"SOLINC",0.025784665239790946
"SOLINC",0.01642663160011142
"SOLINC",0.014247265412944757
"SOLINC",0.011157814987588154
"SOLINC",0.011138121072318036
"SOLINC",0.0055632922240763764
"SOLINC",0.006599665989120668
"SPOFES",6.0394193267444696e-5
"SPOFES",0.00032505452059893453
"SPOFES",0.00029437884199130397
"SPOFES",0.0007129920560477508
"SPOFES",0.000377739327813874
"SPOFES",0.0010908866573316521
"SPOFES",0.0011452756092917924
"SPOFES",0.0011761464782644258
"SPOFES",0.0014565514763347504
"SPOFES",0.005945574258219851
"SPOFES",0.004992633373814324
"SPOFES",0.0031939716696468235
"SPOFES",0.0034342892465938028
"SPOFES",0.0018891886415918341
"SPOFES",0.0022378849475363487
"SPOIOC",0.0774318360060214
"SPOIOC",0.13797954978338606
"SPOIOC",0.125925087042262
"SPOIOC",0.09758868015661154
"SPOIOC",0.03601516588682539
"SPOIOC",0.0751270896711467
"SPOIOC",0.08303037166854924
"SPOIOC",0.0686956999534741
"SPOIOC",0.058271259755709945
"SPOIOC",0.044281559755147075
"SPOIOC",0.0655886002238177
"SPOIOC",0.12038559747802927
"SPOIOC",0.11528737927863504
"SPOIOC",0.9546997329096425
"SPOIOC",0.026723135626307366
"SPOPYR",0.03801155312449188
"SPOPYR",0.08910734890710093
"SPOPYR",0.08117192722117204
"SPOPYR",0.033901024727058374
"SPOPYR",0.027368883326046714
"SPOPYR",0.11417316327944958
"SPOPYR",0.1366703233679227
"SPOPYR",0.13612237878996394
"SPOPYR",0.055777880531735304
"SPOPYR",0.03636994630127444
"SPOPYR",0.044847382337247874
"SPOPYR",0.03603045104410997
"SPOPYR",0.04048098861653146
"SPOPYR",0.03997108721817799
"SPOPYR",0.04736075196845655
"THETRI",0.17981830213081812
"THETRI",0.19219626380787833
"THETRI",0.17683567287077773
"THETRI",0.0444534587719459
"THETRI",0.04524365560233745
"THETRI",0.10765105017178135
"THETRI",0.03890840386954817
"THETRI",0.040338434559707974
"THETRI",0.049441209125824274
"THETRI",0.038826535407052436
"THETRI",0.10680917505820701
"THETRI",0.08303030709139268
"THETRI",0.18782130918576892
"THETRI",0.05635810665272529
"THETRI",0.06679354764930537
"BOTINS",0.05139116422076674
"BOTINS",0.11020312826263638
"BOTINS",0.10043960385381107
"BOTINS",0.05710005607050945
"BOTINS",0.0130466719124968
"BOTINS",0.02854073303354108
"BOTINS",0.02054568941465184
"BOTINS",0.02542818753633647
"BOTINS",0.029416951044698682
"BOTINS",0.030124919782219657
"BOTINS",0.08538084965239832
"BOTINS",0.06256287098481142
"BOTINS",0.05414089523320413
"BOTINS",0.03537279016166005
"BOTINS",0.04191226538045042
"DIGMAC",0.03674505189645874
"DIGMAC",0.0670690399143351
"DIGMAC",0.061300858143218256
"DIGMAC",0.03660530292022738
"DIGMAC",0.008375627011672784
"DIGMAC",0.024000481870259178
"DIGMAC",0.012702539510075229
"DIGMAC",0.013034680971600614
"DIGMAC",0.012647318419251156
"DIGMAC",0.008226650427340929
"DIGMAC",0.013129992852034745
"DIGMAC",0.028839261479138074
"DIGMAC",0.02893838670097159
"DIGMAC",0.014002366490403902
"DIGMAC",0.01659241871385685
"DIGSCA",0.006387324060689228
"DIGSCA",0.02225044151826958
"DIGSCA",0.02027131795388146
"DIGSCA",0.00910180451073797
"DIGSCA",0.0022678249227330153
"DIGSCA",0.025101087877153202
"DIGSCA",0.014418452289152315
"DIGSCA",0.010406342313475316
"DIGSCA",0.011382080676989462
"DIGSCA",0.021865724336419125
"DIGSCA",0.02148952503824229
"DIGSCA",0.009104499940059456
"DIGSCA",0.009182836439651197
"DIGSCA",0.005739091443573487
"DIGSCA",0.0068002201774475576
"DINRET",0.012306204857432126
"DINRET",0.03410787707012683
"DINRET",0.03115374342756372
"DINRET",0.013441512773702162
"DINRET",0.0030782547966348777
"DINRET",0.02392979954035443
"DINRET",0.015784502316726786
"DINRET",0.008554492027144719
"DINRET",0.00755741345955278
"DINRET",0.006920877676831206
"DINRET",0.006701931738135399
"DINRET",0.005183787302027273
"DINRET",0.006384654891454308
"DINRET",0.004119604134451517
"DINRET",0.00488190095934033
"EUSPAS",0.022783651340690478
"EUSPAS",0.0708989527181975
"EUSPAS",0.06464093485344438
"EUSPAS",0.030801238662103266
"EUSPAS",0.007209285209557721
"EUSPAS",0.01900663160548573
"EUSPAS",0.029094476832774843
"EUSPAS",0.04287909498629648
"EUSPAS",0.0663161680228624
"EUSPAS",0.09599926910122954
"EUSPAS",0.03309813222399783
"EUSPAS",0.023666623025641372
"EUSPAS",0.015742715305133926
"EUSPAS",0.010021339988748844
"EUSPAS",0.011877301502511359
"HETCON",0.07399969066149643
"HETCON",0.12533615843747045
"HETCON",0.11388268807416482
"HETCON",0.1045048048471887
"HETCON",0.18666503931752615
"HETCON",0.23377234905864655
"HETCON",0.08996709277922633
"HETCON",0.1025229303352834
"HETCON",0.12449452104980585
"HETCON",0.1331309782323181
"HETCON",0.18306583048059472
"HETCON",0.7998608166987918
"HETCON",0.4681093553392404
"HETCON",1.0
"HETCON",0.16087051855867726
"PANCOL",0.04408890791932436
"PANCOL",0.09427121093772316
"PANCOL",0.08616020109884612
"PANCOL",0.02646523848462051
"PANCOL",0.01374484996007161
"PANCOL",0.027766181167518066
"PANCOL",0.01328841502919828
"PANCOL",0.015774313333772983
"PANCOL",0.019696946980077443
"PANCOL",0.012692483971074406
"PANCOL",0.056439936613047886
"PANCOL",0.08806935270507957
"PANCOL",0.3346448811835464
"PANCOL",0.9610820320094876
"PANCOL",0.04921884011647065
"SPOSPI",0.00032106546244596275
"SPOSPI",0.0022587056456125237
"SPOSPI",0.002046471768412606
"SPOSPI",0.0007908514616723451
"SPOSPI",0.0003909055499817217
"SPOSPI",0.0012292938172348917
"SPOSPI",0.0005743559890770466
"SPOSPI",0.0032920997878510363
"SPOSPI",0.004151944328874531
"SPOSPI",0.029733674350781107
"SPOSPI",0.014042552402694251
"SPOSPI",0.010592149075127387
"SPOSPI",0.010756873271844991
"SPOSPI",0.007119942371842206
"SPOSPI",0.008433917743329382
"DIGDIA",0.0012552777493478144
"DIGDIA",0.007536758568119738
"DIGDIA",0.00683386624464752
"DIGDIA",0.003633525653361783
"DIGDIA",0.0008899350962488249
"DIGDIA",0.0037891487851336248
"DIGDIA",0.002088847435173464
"DIGDIA",0.0030954673772187
"DIGDIA",0.0038165826136340765
"DIGDIA",0.0068815994469456025
"DIGDIA",0.01176684942474718
"DIGDIA",0.05829384068683102
"DIGDIA",0.1128815979668333
"DIGDIA",0.9478682886447027
"DIGDIA",0.05546254524300892
"ERACIL",0.0016536760437362765
"ERACIL",0.008829260327018461
"ERACIL",0.008012441110693273
"ERACIL",0.003682631643262663
"ERACIL",0.0013243395301358247
"ERACIL",0.0037324292029845343
"ERACIL",0.0026773761183260677
"ERACIL",0.0037856085056164044
"ERACIL",0.004628887316822982
"ERACIL",0.005001954231676915
"ERACIL",0.007745736980874753
"ERACIL",0.019629340702550877
"ERACIL",0.0437808303322492
"ERACIL",0.05620479673893236
"ERACIL",0.06657955220179274
"ERATEN",0.01897405952773516
"ERATEN",0.036744988179701135
"ERATEN",0.03344787117209129
"ERATEN",0.06020403592719749
"ERATEN",0.01464826239080125
"ERATEN",0.061288782185271715
"ERATEN",0.02515886333746785
"ERATEN",0.017016538931463893
"ERATEN",0.020634858758629495
"ERATEN",0.01813201700354974
"ERATEN",0.022137718533425967
"ERATEN",0.017270474463194966
"ERATEN",0.016975279293615954
"ERATEN",0.01038920809603604
"ERATEN",0.012311683891042284
"MICKUN",0.0053724531305537095
"MICKUN",0.010835370760678672
"MICKUN",0.009853593431110617
"MICKUN",0.019277871711199986
"MICKUN",0.004410914183837697
"MICKUN",0.029016673835441344
"MICKUN",0.01859796468585003
"MICKUN",0.01708186446157659
"MICKUN",0.01946281854150318
"MICKUN",0.0420984369402104
"MICKUN",0.04312719308839966
"MICKUN",0.0689194850393018
"MICKUN",0.009935838709981652
"MICKUN",0.006202640311040474
"MICKUN",0.0073502048871849045
"PSIJAE",2.1698756733602086e-5
"PSIJAE",0.0001566531135434821
"PSIJAE",0.00014181472778243608
"PSIJAE",6.551274369598722e-5
"PSIJAE",0.00024097613528243462
"PSIJAE",0.0006716413737437897
"PSIJAE",0.00032126331215801614
"PSIJAE",0.000733361242054905
"PSIJAE",0.0010408459574511673
"PSIJAE",0.024981639321207408
"PSIJAE",0.00779084187347356
"PSIJAE",0.006837025942101468
"PSIJAE",0.008800280790863197
"PSIJAE",0.005640180041410288
"PSIJAE",0.006681014457138133
"BALAEG",0.011473990710071486
"BALAEG",0.018874279691467176
"BALAEG",0.017162209426768747
"BALAEG",0.0507639563340656
"BALAEG",0.014980304601078173
"BALAEG",0.03657662651744875
"BALAEG",0.15216703813068144
"BALAEG",0.12328526010763999
"BALAEG",0.0583081992475258
"BALAEG",0.04401775369101366
"BALAEG",0.023623473629750636
"BALAEG",0.01827906671898344
"BALAEG",0.015850735329295377
"BALAEG",0.007954065588994136
"BALAEG",0.009428246022906879
"DUOKIL",0.0002901493183863552
"DUOKIL",0.0017240633165417432
"DUOKIL",0.0015614694234151036
"DUOKIL",0.0006482983451360572
"DUOKIL",0.00032144845474389543
"DUOKIL",0.0008719777066303517
"DUOKIL",0.0037360392734185456
"DUOKIL",0.04388075142668984
"DUOKIL",0.029476777999194227
"DUOKIL",0.03281639288766002
"DUOKIL",0.02977400725463033
"DUOKIL",0.015166107378355198
"DUOKIL",0.01581024608043359
"DUOKIL",0.01031344302806828
"DUOKIL",0.012217603714152068
"PENSTR",0.0039465128602707185
"PENSTR",0.008192862537455884
"PENSTR",0.007465180396825273
"PENSTR",0.005356753165420821
"PENSTR",0.001203752438540673
"PENSTR",0.0026428569407729095
"PENSTR",0.0023875688885745534
"PENSTR",0.002832442828868518
"PENSTR",0.0036598495534944228
"PENSTR",0.002410893460607267
"PENSTR",0.005370485491732931
"PENSTR",0.005325695398807274
"PENSTR",0.006045118722115449
"PENSTR",0.013320886359341715
"PENSTR",0.015779833028688888
"SPOFIM",0.0006940233033753336
"SPOFIM",0.0038534784991374736
"SPOFIM",0.003495702413971727
"SPOFIM",0.0016864237648107777
"SPOFIM",0.0006870062525704367
"SPOFIM",0.011752917552529706
"SPOFIM",0.005253756712881911
"SPOFIM",0.006033575611875012
"SPOFIM",0.006866424047842023
"SPOFIM",0.007769427061865042
"SPOFIM",0.007768616283688868
"SPOFIM",0.007609143512796618
"SPOFIM",0.006766189535429143
"SPOFIM",0.004382969664045734
"SPOFIM",0.005192187445980439
"ACAROB",0.0077512729749240035
"ACAROB",0.018221395788719577
"ACAROB",0.016605114888936245
"ACAROB",0.005610094915756024
"ACAROB",0.0068638850695858025
"ACAROB",0.014851039364520624
"ACAROB",0.02802278766877466
"ACAROB",0.012310096278586483
"ACAROB",0.015092796666207182
"ACAROB",0.06580080323447068
"ACAROB",0.019334552769754897
"ACAROB",0.016257145300370042
"ACAROB",0.004929232906873918
"ACAROB",0.003120947235646915
"ACAROB",0.0036993412070508128
"ACASEY",0.0002538266436412405
"ACASEY",0.0004951032655701566
"ACASEY",0.00044819958210654454
"ACASEY",0.024526536763391442
"ACASEY",0.005779099050866509
"ACASEY",0.012467596888260454
"ACASEY",0.023299736173062763
"ACASEY",0.007292729411599976
"ACASEY",0.008469954616980965
"ACASEY",0.011630061959582638
"ACASEY",0.009765548124253766
"ACASEY",0.013972086533752714
"ACASEY",0.006886994588049143
"ACASEY",0.0023132095092566287
"ACASEY",0.0027412532668259775
"COMMIAFR",0.0010815110622519751
"COMMIAFR",0.0028492983880954847
"COMMIAFR",0.002580181466563765
"COMMIAFR",0.05210694609764929
"COMMIAFR",0.028118935260691723
"COMMIAFR",0.027702009819575133
"COMMIAFR",0.012663172253226634
"COMMIAFR",0.012066468121612073
"COMMIAFR",0.014790369775968506
"COMMIAFR",0.011893619351987697
"COMMIAFR",0.01713787167534545
"COMMIAFR",0.0254360103413271
"COMMIAFR",0.016660963611707387
"COMMIAFR",0.004526591102260079
"COMMIAFR",0.005364456483141712
"COROVA",0.018192509861891304
"COROVA",0.02174692443720987
"COROVA",0.020030243624026056
"COROVA",0.009480684232192926
"COROVA",0.004285471101923057
"COROVA",0.00439837092941742
"COROVA",0.001999754999216797
"COROVA",0.002861181076423569
"COROVA",0.002614521160425972
"COROVA",0.0018431708289141783
"COROVA",0.002862167603741721
"COROVA",0.0101035448556234
"COROVA",0.0017791136510080239
"COROVA",0.0010420070657186345
"COROVA",0.0012362057188194072
"GREFAL",0.010800987583934663
"GREFAL",0.01513102083809228
"GREFAL",0.013895554337992362
"GREFAL",0.006218680864827698
"GREFAL",0.002857576655896111
"GREFAL",0.005841798275718652
"GREFAL",0.0029574093162804305
"GREFAL",0.0031157116479934924
"GREFAL",0.0035729727432130304
"GREFAL",0.007413179958067438
"GREFAL",0.006097282577474085
"GREFAL",0.008386808499576412
"GREFAL",0.002477230463525242
"GREFAL",0.001148780398457422
"GREFAL",0.0013622186490262805
"GRETRI",0.018192509861891533
"GRETRI",0.02174692443721203
"GRETRI",0.02003024362402829
"GRETRI",0.00948068423219287
"GRETRI",0.004285471101923179
"GRETRI",0.004398370929417378
"GRETRI",0.0019997549992168467
"GRETRI",0.002861181076423525
"GRETRI",0.0026145211604260803
"GRETRI",0.001843170828914394
"GRETRI",0.002862167603741874
"GRETRI",0.010103544855623434
"GRETRI",0.0017791136510079404
"GRETRI",0.0010420070657186085
"GRETRI",0.0012362057188194048
"HIBLUN",0.018192509861891533
"HIBLUN",0.02174692443721203
"HIBLUN",0.02003024362402829
"HIBLUN",0.00948068423219287
"HIBLUN",0.004285471101923179
"HIBLUN",0.004398370929417378
"HIBLUN",0.0019997549992168467
"HIBLUN",0.002861181076423525
"HIBLUN",0.0026145211604260803
"HIBLUN",0.001843170828914394
"HIBLUN",0.002862167603741874
"HIBLUN",0.010103544855623434
"HIBLUN",0.0017791136510079404
"HIBLUN",0.0010420070657186085
"HIBLUN",0.0012362057188194048
"MAETRI",0.018192509861891533
"MAETRI",0.02174692443721203
"MAETRI",0.02003024362402829
"MAETRI",0.00948068423219287
"MAETRI",0.004285471101923179
"MAETRI",0.004398370929417378
"MAETRI",0.0019997549992168467
"MAETRI",0.002861181076423525
"MAETRI",0.0026145211604260803
"MAETRI",0.001843170828914394
"MAETRI",0.002862167603741874
"MAETRI",0.010103544855623434
"MAETRI",0.0017791136510079404
"MAETRI",0.0010420070657186085
"MAETRI",0.0012362057188194048
"OLE",2.3917547114428172e-5
"OLE",7.475460333859365e-5
"OLE",6.766700234297285e-5
"OLE",0.0020726159369860524
"OLE",0.0005577695914269668
"OLE",0.001434484983511097
"OLE",0.004608467718743571
"OLE",0.005806627131681949
"OLE",0.004230695896013301
"OLE",0.003798969283162276
"OLE",0.008823451984490529
"OLE",0.022005485570880154
"OLE",0.0029446677160095405
"OLE",0.0014880416652156593
"OLE",0.0017630091585018092
"PAVASS",0.010800987583934153
"PAVASS",0.015131020838094375
"PAVASS",0.013895554337994472
"PAVASS",0.00621868086482758
"PAVASS",0.002857576655896235
"PAVASS",0.005841798275718782
"PAVASS",0.002957409316280564
"PAVASS",0.003115711647993665
"PAVASS",0.003572972743213119
"PAVASS",0.007413179958067707
"PAVASS",0.0060972825774749575
"PAVASS",0.008386808499576152
"PAVASS",0.002477230463524919
"PAVASS",0.001148780398457419
"PAVASS",0.0013622186490262664
"PHYSEP",0.010800987583934153
"PHYSEP",0.015131020838094375
"PHYSEP",0.013895554337994472
"PHYSEP",0.00621868086482758
"PHYSEP",0.002857576655896235
"PHYSEP",0.005841798275718782
"PHYSEP",0.002957409316280564
"PHYSEP",0.003115711647993665
"PHYSEP",0.003572972743213119
"PHYSEP",0.007413179958067707
"PHYSEP",0.0060972825774749575
"PHYSEP",0.008386808499576152
"PHYSEP",0.002477230463524919
"PHYSEP",0.001148780398457419
"PHYSEP",0.0013622186490262664
"ABU",0.006896846793192678
"ABU",0.006303805308629359
"ABU",0.005849662607329461
"ABU",0.0013405409559810418
"ABU",0.0012515023513312554
"ABU",0.002269494171381193
"ABU",0.0015771951120782583
"ABU",0.0015145605639899327
"ABU",0.001739004397251816
"ABU",0.001026431984870731
"ABU",0.0009114562603985434
"ABU",0.0006976855403019938
"ABU",0.000263566292066332
"ABU",0.0001424214738227189
"ABU",0.0001693923898899255
"ACAFRU",0.017674036966813345
"ACAFRU",0.02068794642593808
"ACAFRU",0.01905542603805484
"ACAFRU",0.00985509372425233
"ACAFRU",0.003956447274913332
"ACAFRU",0.004327308168378272
"ACAFRU",0.002028199709244106
"ACAFRU",0.0030145826528258242
"ACAFRU",0.0036416376510735047
"ACAFRU",0.0024978415823775765
"ACAFRU",0.005268596771783161
"ACAFRU",0.004137385663354115
"ACAFRU",0.008828427775388482
"ACAFRU",0.001218046525615984
"ACAFRU",0.001444883119912821
"ALBHAR",0.004832989596112226
"ALBHAR",0.011416708852181743
"ALBHAR",0.010411562133427006
"ALBHAR",0.00440021519108325
"ALBHAR",0.009075622109208746
"ALBHAR",0.009521396801917778
"ALBHAR",0.002964512523191339
"ALBHAR",0.003434697628565219
"ALBHAR",0.004183390753629981
"ALBHAR",0.004284631914106205
"ALBHAR",0.002502066171324422
"ALBHAR",0.00059104158801172
"ALBHAR",0.0005647054460542008
"ALBHAR",0.00034221689867532107
"ALBHAR",0.00040645373576604795
"ALBU",0.002685111517654263
"ALBU",0.0053519708821161945
"ALBU",0.004901376170417203
"ALBU",0.0013212896813420596
"ALBU",0.0003013569218201311
"ALBU",0.0005601716104048681
"ALBU",0.0002546858439226042
"ALBU",0.00029269712167042023
"ALBU",0.0003675791121262363
"ALBU",0.0018494867888395002
"ALBU",0.0006203464297989418
"ALBU",0.00036027894218687866
"ALBU",0.00037867405506619473
"ALBU",8.604611512561066e-5
"ALBU",0.00010226671790649941
"ALLRUB",0.012550839378571
"ALLRUB",0.010042586198948279
"ALLRUB",0.009349952211692035
"ALLRUB",0.002182677934947187
"ALLRUB",0.0010729527200656814
"ALLRUB",0.004876213896359991
"ALLRUB",0.002969309858800079
"ALLRUB",0.0015879592635031081
"ALLRUB",0.001948896493866339
"ALLRUB",0.0069763317645177535
"ALLRUB",0.001743352602639366
"ALLRUB",0.001352107024949229
"ALLRUB",0.0007911374091277795
"ALLRUB",0.0002558975359984866
"ALLRUB",0.0003042821577293396
"ALOMAC",0.005943195791565527
"ALOMAC",0.010402149186033115
"ALOMAC",0.009533499867280313
"ALOMAC",0.004533776487830646
"ALOMAC",0.0014016619920250437
"ALOMAC",0.008975170580528168
"ALOMAC",0.0014975752637839033
"ALOMAC",0.0015781195632773486
"ALOMAC",0.0017434648782993904
"ALOMAC",0.0011323858597370275
"ALOMAC",0.0003981712914490455
"ALOMAC",0.00030778393007348687
"ALOMAC",0.00034379307673187303
"ALOMAC",0.00021378912692932497
"ALOMAC",0.00025405678608155814
"ALOSEC",0.002685111517654177
"ALOSEC",0.005351970882115047
"ALOSEC",0.00490137617041623
"ALOSEC",0.0013212896813420147
"ALOSEC",0.0003013569218201346
"ALOSEC",0.0005601716104048895
"ALOSEC",0.00025468584392260784
"ALOSEC",0.0002926971216704302
"ALOSEC",0.0003675791121262399
"ALOSEC",0.0018494867888394306
"ALOSEC",0.0006203464297989647
"ALOSEC",0.0003602789421868245
"ALOSEC",0.0003786740550661725
"ALOSEC",8.604611512558423e-5
"ALOSEC",0.00010226671790648814
"CAPTOM",0.017674036966812974
"CAPTOM",0.020687946425939692
"CAPTOM",0.019055426038056107
"CAPTOM",0.009855093724252183
"CAPTOM",0.003956447274913343
"CAPTOM",0.004327308168378297
"CAPTOM",0.002028199709244135
"CAPTOM",0.003014582652825736
"CAPTOM",0.0036416376510734314
"CAPTOM",0.0024978415823773458
"CAPTOM",0.00526859677178314
"CAPTOM",0.004137385663354067
"CAPTOM",0.008828427775388522
"CAPTOM",0.0012180465256157326
"CAPTOM",0.0014448831199125156
"CECCIL",0.0059431957915656135
"CECCIL",0.010402149186032921
"CECCIL",0.00953349986728021
"CECCIL",0.004533776487830624
"CECCIL",0.0014016619920250442
"CECCIL",0.008975170580527828
"CECCIL",0.0014975752637837857
"CECCIL",0.0015781195632773638
"CECCIL",0.0017434648782992945
"CECCIL",0.0011323858597371739
"CECCIL",0.0003981712914490814
"CECCIL",0.0003077839300734777
"CECCIL",0.00034379307673187786
"CECCIL",0.00021378912692932158
"CECCIL",0.000254056786081569
"CISQUA",0.006896846793192881
"CISQUA",0.006303805308629388
"CISQUA",0.005849662607329556
"CISQUA",0.0013405409559810533
"CISQUA",0.001251502351331254
"CISQUA",0.0022694941713809398
"CISQUA",0.0015771951120782757
"CISQUA",0.001514560563990048
"CISQUA",0.0017390043972518943
"CISQUA",0.0010264319848704209
"CISQUA",0.0009114562603985009
"CISQUA",0.0006976855403020433
"CISQUA",0.00026356629206641355
"CISQUA",0.00014242147382272744
"CISQUA",0.00016939238988991601
"CISROT",0.01053217352394753
"CISROT",0.014623946343560845
"CISROT",0.013425972713734089
"CISROT",0.005461281206215663
"CISROT",0.005147759735081633
"CISROT",0.01089574967257799
"CISROT",0.008765679319589608
"CISROT",0.008509484964324673
"CISROT",0.0034430130044835775
"CISROT",0.002518440423596321
"CISROT",0.0027926889923659466
"CISROT",0.003161277378944015
"CISROT",0.0025847046751808363
"CISROT",0.0005953512060264207
"CISROT",0.0007067015654237911
"COMMEAFR",0.012550839378571054
"COMMEAFR",0.010042586198947157
"COMMEAFR",0.009349952211690805
"COMMEAFR",0.0021826779349470755
"COMMEAFR",0.0010729527200655372
"COMMEAFR",0.004876213896360278
"COMMEAFR",0.0029693098588002027
"COMMEAFR",0.0015879592635031576
"COMMEAFR",0.0019488964938664107
"COMMEAFR",0.006976331764518067
"COMMEAFR",0.001743352602639287
"COMMEAFR",0.0013521070249492791
"COMMEAFR",0.0007911374091278136
"COMMEAFR",0.00025589753599849417
"COMMEAFR",0.0003042821577293606
"COMMER",0.001557640625693229
"COMMER",0.004590594028651569
"COMMER",0.004173902075390121
"COMMER",0.003512518819881192
"COMMER",0.0013705924352195433
"COMMER",0.004649272041818371
"COMMER",0.002438658600622957
"COMMER",0.047887927276136735
"COMMER",0.009522314255166964
"COMMER",0.002970335772456758
"COMMER",0.002422676529044322
"COMMER",0.0019151219779942946
"COMMER",0.0008462557731042024
"COMMER",0.00030541384570156817
"COMMER",0.00036252935755675276
"COMSCH",0.00689684679319258
"COMSCH",0.006303805308629185
"COMSCH",0.005849662607329291
"COMSCH",0.0013405409559810195
"COMSCH",0.0012515023513312849
"COMSCH",0.0022694941713811267
"COMSCH",0.001577195112078254
"COMSCH",0.0015145605639894056
"COMSCH",0.0017390043972515111
"COMSCH",0.0010264319848715215
"COMSCH",0.0009114562603986117
"COMSCH",0.0006976855403020028
"COMSCH",0.00026356629206640244
"COMSCH",0.00014242147382272368
"COMSCH",0.00016939238988992336
"CRODIC",0.01053217352394741
"CRODIC",0.014623946343559763
"CRODIC",0.013425972713733027
"CRODIC",0.005461281206215677
"CRODIC",0.0051477597350828765
"CRODIC",0.01089574967257757
"CRODIC",0.008765679319589449
"CRODIC",0.00850948496432456
"CRODIC",0.003443013004483528
"CRODIC",0.0025184404235959407
"CRODIC",0.0027926889923660953
"CRODIC",0.0031612773789443096
"CRODIC",0.0025847046751810375
"CRODIC",0.0005953512060264295
"CRODIC",0.0007067015654238291
"CYPH",0.0026851115176542368
"CYPH",0.005351970882115046
"CYPH",0.0049013761704161255
"CYPH",0.0013212896813420277
"CYPH",0.00030135692182012286
"CYPH",0.0005601716104049412
"CYPH",0.00025468584392259917
"CYPH",0.0002926971216704609
"CYPH",0.0003675791121262348
"CYPH",0.001849486788839908
"CYPH",0.0006203464297990072
"CYPH",0.00036027894218679875
"CYPH",0.00037867405506603535
"CYPH",8.604611512559354e-5
"CYPH",0.00010226671790648097
"DIGVEL",0.0008749643987385742
"DIGVEL",0.003829935311422787
"DIGVEL",0.0034727286153691636
"DIGVEL",0.003751014643370608
"DIGVEL",0.009987679699237596
"DIGVEL",0.012146993610844696
"DIGVEL",0.00822212868912722
"DIGVEL",0.012668389001459331
"DIGVEL",0.009592309784340444
"DIGVEL",0.004258224783252793
"DIGVEL",0.004040375585607297
"DIGVEL",0.001940706521499836
"DIGVEL",0.001650492690958308
"DIGVEL",0.0005849135671264153
"DIGVEL",0.0006937695063074815
"EMICOC",0.002685111517654266
"EMICOC",0.00535197088211485
"EMICOC",0.004901376170416024
"EMICOC",0.0013212896813420134
"EMICOC",0.00030135692182011874
"EMICOC",0.0005601716104048792
"EMICOC",0.0002546858439226308
"EMICOC",0.0002926971216704488
"EMICOC",0.0003675791121262746
"EMICOC",0.0018494867888400196
"EMICOC",0.0006203464297988692
"EMICOC",0.0003602789421867993
"EMICOC",0.0003786740550661133
"EMICOC",8.604611512560398e-5
"EMICOC",0.00010226671790649777
"FICGLU",0.012550839378570823
"FICGLU",0.010042586198947734
"FICGLU",0.009349952211691163
"FICGLU",0.0021826779349471267
"FICGLU",0.0010729527200655949
"FICGLU",0.004876213896360221
"FICGLU",0.002969309858799932
"FICGLU",0.001587959263503111
"FICGLU",0.0019488964938663507
"FICGLU",0.006976331764515441
"FICGLU",0.0017433526026391368
"FICGLU",0.0013521070249491844
"FICGLU",0.0007911374091278987
"FICGLU",0.0002558975359984665
"FICGLU",0.00030428215772931524
"FICING",0.006896846793193058
"FICING",0.006303805308629303
"FICING",0.00584966260732957
"FICING",0.0013405409559810431
"FICING",0.001251502351331292
"FICING",0.002269494171381046
"FICING",0.0015771951120782917
"FICING",0.0015145605639897398
"FICING",0.0017390043972518195
"FICING",0.0010264319848699726
"FICING",0.000911456260398621
"FICING",0.0006976855403020985
"FICING",0.00026356629206639317
"FICING",0.00014242147382272492
"FICING",0.00016939238988990788
"FICTHI",0.00024089001745244265
"FICTHI",0.001248661077863707
"FICTHI",0.001133688017266603
"FICTHI",0.0003917177836194753
"FICTHI",0.00014602039632594246
"FICTHI",0.0007123628945744792
"FICTHI",0.0003386695879898707
"FICTHI",0.01819962713011344
"FICTHI",0.006618879115205106
"FICTHI",0.003801445358987889
"FICTHI",0.0008621024454017413
"FICTHI",0.00024122285969295482
"FICTHI",0.0002687291479857283
"FICTHI",0.00015227665986667214
"FICTHI",0.00018062114513306285
"HELSTE",0.00024089001745244265
"HELSTE",0.001248661077863707
"HELSTE",0.001133688017266603
"HELSTE",0.0003917177836194753
"HELSTE",0.00014602039632594246
"HELSTE",0.0007123628945744792
"HELSTE",0.0003386695879898707
"HELSTE",0.01819962713011344
"HELSTE",0.006618879115205106
"HELSTE",0.003801445358987889
"HELSTE",0.0008621024454017413
"HELSTE",0.00024122285969295482
"HELSTE",0.0002687291479857283
"HELSTE",0.00015227665986667214
"HELSTE",0.00018062114513306285
"HOSOPP",0.005943195791565625
"HOSOPP",0.010402149186031303
"HOSOPP",0.00953349986727881
"HOSOPP",0.00453377648783059
"HOSOPP",0.0014016619920250394
"HOSOPP",0.008975170580528002
"HOSOPP",0.0014975752637838816
"HOSOPP",0.0015781195632772003
"HOSOPP",0.0017434648782993472
"HOSOPP",0.001132385859736306
"HOSOPP",0.0003981712914490545
"HOSOPP",0.0003077839300734852
"HOSOPP",0.00034379307673187596
"HOSOPP",0.00021378912692931445
"HOSOPP",0.0002540567860815462
"HYPFOR",0.002685111517654348
"HYPFOR",0.005351970882114882
"HYPFOR",0.004901376170416065
"HYPFOR",0.0013212896813420145
"HYPFOR",0.0003013569218201249
"HYPFOR",0.0005601716104048823
"HYPFOR",0.0002546858439226238
"HYPFOR",0.0002926971216704823
"HYPFOR",0.0003675791121263107
"HYPFOR",0.0018494867888406475
"HYPFOR",0.0006203464297991428
"HYPFOR",0.00036027894218676503
"HYPFOR",0.0003786740550661328
"HYPFOR",8.604611512557807e-5
"HYPFOR",0.00010226671790646168
"INDBAS",0.003868393698465442
"INDBAS",0.01037667154577012
"INDBAS",0.009440618933577283
"INDBAS",0.007980010077816763
"INDBAS",0.0020944340408302923
"INDBAS",0.012475272022705512
"INDBAS",0.021333943014490396
"INDBAS",0.04531989334186363
"INDBAS",0.013775377313988852
"INDBAS",0.011960998079528346
"INDBAS",0.006340815602402902
"INDBAS",0.0049271717374129624
"INDBAS",0.005249030294436366
"INDBAS",0.0006898003837606406
"INDBAS",0.0008186653491178493
"IPOOBS",0.004832989596111896
"IPOOBS",0.01141670885218067
"IPOOBS",0.010411562133426096
"IPOOBS",0.0044002151910831335
"IPOOBS",0.009075622109199353
"IPOOBS",0.00952139680191826
"IPOOBS",0.0029645125231912966
"IPOOBS",0.0034346976285652957
"IPOOBS",0.00418339075362984
"IPOOBS",0.00428463191410728
"IPOOBS",0.002502066171324032
"IPOOBS",0.0005910415880116876
"IPOOBS",0.000564705446054133
"IPOOBS",0.0003422168986752955
"IPOOBS",0.0004064537357660284
"JAS",0.0026851115176541505
"JAS",0.005351970882114687
"JAS",0.004901376170415796
"JAS",0.0013212896813419523
"JAS",0.00030135692182011364
"JAS",0.0005601716104048604
"JAS",0.0002546858439225546
"JAS",0.000292697121670429
"JAS",0.0003675791121262407
"JAS",0.0018494867888396943
"JAS",0.0006203464297988921
"JAS",0.00036027894218679685
"JAS",0.00037867405506568033
"JAS",8.604611512563001e-5
"JAS",0.00010226671790653297
"KAL",0.0011161486017004947
"KAL",0.004717411884622123
"KAL",0.004283088784661574
"KAL",0.0009588207751350446
"KAL",0.0013586176038330477
"KAL",0.016960283805735644
"KAL",0.017452279208493283
"KAL",0.025106031706875018
"KAL",0.017660308641738728
"KAL",0.006154377646429022
"KAL",0.0012215380408563874
"KAL",0.000942825817534831
"KAL",0.0009342055924421625
"KAL",0.0004857182439137931
"KAL",0.0005762422324791517
"KEDFOE",0.0026851115176543265
"KEDFOE",0.005351970882114732
"KEDFOE",0.004901376170415893
"KEDFOE",0.0013212896813420485
"KEDFOE",0.00030135692182013094
"KEDFOE",0.0005601716104049135
"KEDFOE",0.0002546858439226285
"KEDFOE",0.0002926971216704055
"KEDFOE",0.00036757911212619346
"KEDFOE",0.0018494867888390802
"KEDFOE",0.0006203464297988814
"KEDFOE",0.0003602789421868424
"KEDFOE",0.00037867405506606045
"KEDFOE",8.604611512559643e-5
"KEDFOE",0.0001022667179064926
"LIPUKA",0.00024089001745238717
"LIPUKA",0.0012486610778637717
"LIPUKA",0.0011336880172666116
"LIPUKA",0.0003917177836194565
"LIPUKA",0.000146020396326308
"LIPUKA",0.000712362894574486
"LIPUKA",0.0003386695879898769
"LIPUKA",0.01819962713011457
"LIPUKA",0.006618879115205457
"LIPUKA",0.0038014453589896614
"LIPUKA",0.0008621024454015854
"LIPUKA",0.00024122285969297035
"LIPUKA",0.0002687291479857635
"LIPUKA",0.0001522766598666656
"LIPUKA",0.00018062114513304374
"OCI",0.005943195791565512
"OCI",0.010402149186031471
"OCI",0.00953349986727902
"OCI",0.004533776487830429
"OCI",0.0014016619920250487
"OCI",0.008975170580528106
"OCI",0.001497575263783788
"OCI",0.0015781195632772569
"OCI",0.0017434648782993147
"OCI",0.0011323858597367274
"OCI",0.00039817129144904335
"OCI",0.0003077839300734869
"OCI",0.000343793076731887
"OCI",0.00021378912692931787
"OCI",0.000254056786081558
"PAPCAP",0.0068968467931923095
"PAPCAP",0.006303805308628951
"PAPCAP",0.005849662607329344
"PAPCAP",0.0013405409559810056
"PAPCAP",0.0012515023513313631
"PAPCAP",0.002269494171381034
"PAPCAP",0.0015771951120782288
"PAPCAP",0.0015145605639897313
"PAPCAP",0.0017390043972518152
"PAPCAP",0.0010264319848706516
"PAPCAP",0.0009114562603984933
"PAPCAP",0.0006976855403021292
"PAPCAP",0.0002635662920663412
"PAPCAP",0.00014242147382272845
"PAPCAP",0.00016939238988992534
"PAVPAT",0.00268511151765412
"PAVPAT",0.005351970882114847
"PAVPAT",0.004901376170416009
"PAVPAT",0.0013212896813419495
"PAVPAT",0.000301356921820102
"PAVPAT",0.0005601716104049087
"PAVPAT",0.0002546858439225882
"PAVPAT",0.0002926971216704119
"PAVPAT",0.0003675791121262132
"PAVPAT",0.0018494867888398585
"PAVPAT",0.0006203464297988996
"PAVPAT",0.0003602789421868507
"PAVPAT",0.00037867405506613754
"PAVPAT",8.604611512558568e-5
"PAVPAT",0.00010226671790647103
"PUPLAP",0.00268511151765412
"PUPLAP",0.005351970882114847
"PUPLAP",0.004901376170416009
"PUPLAP",0.0013212896813419495
"PUPLAP",0.000301356921820102
"PUPLAP",0.0005601716104049087
"PUPLAP",0.0002546858439225882
"PUPLAP",0.0002926971216704119
"PUPLAP",0.0003675791121262132
"PUPLAP",0.0018494867888398585
"PUPLAP",0.0006203464297988996
"PUPLAP",0.0003602789421868507
"PUPLAP",0.00037867405506613754
"PUPLAP",8.604611512558568e-5
"PUPLAP",0.00010226671790647103
"SCLBIR",0.010532173523947414
"SCLBIR",0.014623946343559851
"SCLBIR",0.013425972713733084
"SCLBIR",0.005461281206215611
"SCLBIR",0.00514775973508288
"SCLBIR",0.010895749672578154
"SCLBIR",0.008765679319590025
"SCLBIR",0.008509484964324318
"SCLBIR",0.0034430130044834214
"SCLBIR",0.002518440423596555
"SCLBIR",0.002792688992366075
"SCLBIR",0.0031612773789440763
"SCLBIR",0.0025847046751811004
"SCLBIR",0.0005953512060264809
"SCLBIR",0.0007067015654238884
"SENDID",0.002685111517654381
"SENDID",0.005351970882114666
"SENDID",0.004901376170415912
"SENDID",0.0013212896813420004
"SENDID",0.0003013569218201194
"SENDID",0.0005601716104048505
"SENDID",0.0002546858439226015
"SENDID",0.0002926971216704044
"SENDID",0.00036757911212622035
"SENDID",0.0018494867888402017
"SENDID",0.0006203464297991092
"SENDID",0.0003602789421867727
"SENDID",0.00037867405506600445
"SENDID",8.60461151255913e-5
"SENDID",0.00010226671790648042
"SENEHR",0.012550839378570804
"SENEHR",0.010042586198947689
"SENEHR",0.009349952211691303
"SENEHR",0.002182677934947174
"SENEHR",0.001072952720065582
"SENEHR",0.00487621389636001
"SENEHR",0.0029693098588000778
"SENEHR",0.0015879592635030856
"SENEHR",0.0019488964938663162
"SENEHR",0.006976331764517512
"SENEHR",0.0017433526026391054
"SENEHR",0.0013521070249491827
"SENEHR",0.0007911374091278136
"SENEHR",0.0002558975359984698
"SENEHR",0.0003042821577293521
"SENSUF",0.002685111517654259
"SENSUF",0.005351970882114652
"SENSUF",0.004901376170415905
"SENSUF",0.0013212896813420319
"SENSUF",0.00030135692182012237
"SENSUF",0.0005601716104048785
"SENSUF",0.00025468584392262486
"SENSUF",0.0002926971216704955
"SENSUF",0.0003675791121262731
"SENSUF",0.0018494867888414104
"SENSUF",0.0006203464297990196
"SENSUF",0.00036027894218683187
"SENSUF",0.00037867405506614876
"SENSUF",8.604611512558868e-5
"SENSUF",0.00010226671790648486
"SOLDEN",0.005943195791565589
"SOLDEN",0.010402149186032546
"SOLDEN",0.009533499867279813
"SOLDEN",0.004533776487830468
"SOLDEN",0.0014016619920250554
"SOLDEN",0.008975170580527625
"SOLDEN",0.0014975752637837036
"SOLDEN",0.0015781195632772888
"SOLDEN",0.0017434648782992924
"SOLDEN",0.0011323858597368974
"SOLDEN",0.0003981712914490399
"SOLDEN",0.00030778393007347744
"SOLDEN",0.00034379307673187493
"SOLDEN",0.00021378912692931185
"SOLDEN",0.00025405678608154784
"TRIEIC",0.000240890017452368
"TRIEIC",0.0012486610778636685
"TRIEIC",0.0011336880172666017
"TRIEIC",0.0003917177836194655
"TRIEIC",0.00014602039632593546
"TRIEIC",0.0007123628945744822
"TRIEIC",0.00033866958798987423
"TRIEIC",0.01819962713011229
"TRIEIC",0.006618879115205146
"TRIEIC",0.0038014453589887477
"TRIEIC",0.0008621024454018208
"TRIEIC",0.0002412228596929708
"TRIEIC",0.0002687291479857734
"TRIEIC",0.0001522766598666688
"TRIEIC",0.00018062114513305225
"TURFIS",0.0026851115176544315
"TURFIS",0.005351970882114663
"TURFIS",0.004901376170415789
"TURFIS",0.00132128968134197
"TURFIS",0.00030135692182012096
"TURFIS",0.0005601716104048275
"TURFIS",0.0002546858439225792
"TURFIS",0.0002926971216704098
"TURFIS",0.00036757911212624084
"TURFIS",0.0018494867888391969
"TURFIS",0.0006203464297990411
"TURFIS",0.00036027894218678726
"TURFIS",0.00037867405506610653
"TURFIS",8.604611512560495e-5
"TURFIS",0.00010226671790649026
"XIMCAF",0.006896846793192481
"XIMCAF",0.00630380530862926
"XIMCAF",0.005849662607329529
"XIMCAF",0.0013405409559810529
"XIMCAF",0.001251502351331324
"XIMCAF",0.0022694941713811696
"XIMCAF",0.0015771951120784038
"XIMCAF",0.001514560563989926
"XIMCAF",0.0017390043972519587
"XIMCAF",0.0010264319848702205
"XIMCAF",0.0009114562603986298
"XIMCAF",0.0006976855403020433
"XIMCAF",0.0002635662920664035
"XIMCAF",0.0001424214738227377
"XIMCAF",0.00016939238988991818
"ZIZ",0.0015576406256931335
"ZIZ",0.00459059402865168
"ZIZ",0.004173902075390217
"ZIZ",0.0035125188198812606
"ZIZ",0.0013705924352195133
"ZIZ",0.004649272041818447
"ZIZ",0.0024386586006230663
"ZIZ",0.047887927276138526
"ZIZ",0.009522314255167266
"ZIZ",0.002970335772457395
"ZIZ",0.0024226765290442827
"ZIZ",0.0019151219779943913
"ZIZ",0.0008462557731042215
"ZIZ",0.00030541384570157614
"ZIZ",0.0003625293575567547
"HIPAMP",0.003168969744899245
"HIPAMP",0.004507554902810941
"HIPAMP",0.004236419434094877
"HIPAMP",0.0013872353877295706
"HIPAMP",0.013640912118530375
"HIPAMP",0.068114934680716
"HIPAMP",0.06378442365957908
"HIPAMP",0.017798464832759237
"HIPAMP",0.02151958682563936
"HIPAMP",0.02413500656848463
"HIPAMP",0.029864547496594073
"HIPAMP",0.05002152487142029
"HIPAMP",0.0908145331454099
"HIPAMP",0.8769426859796658
"HIPAMP",0.07885314805289885
"PANREP",9.596283363652222e-6
"PANREP",7.801489600028226e-5
"PANREP",7.0613875195199e-5
"PANREP",1.9900694899270246e-5
"PANREP",0.00011625149457186254
"PANREP",0.0007523146057099278
"PANREP",0.0005940717063880513
"PANREP",0.0006578936449617648
"PANREP",0.0008075321798843933
"PANREP",0.0009899438847700208
"PANREP",0.0015108230681505316
"PANREP",0.0027065070587927857
"PANREP",0.005203028101379829
"PANREP",0.004022728585391092
"PANREP",0.004764994354028126
"ANDSCH",6.404020892916989e-6
"ANDSCH",2.6044824210126408e-5
"ANDSCH",2.3572771795791238e-5
"ANDSCH",2.7074225062503612e-5
"ANDSCH",0.0001472458923736033
"ANDSCH",0.0011987566766162347
"ANDSCH",0.002357452012577626
"ANDSCH",0.002757332058755028
"ANDSCH",0.0036161852181118806
"ANDSCH",0.011523891605220849
"ANDSCH",0.016708716828911965
"ANDSCH",0.012187484863715065
"ANDSCH",0.017252223156498374
"ANDSCH",0.003257761304898361
"ANDSCH",0.003859326835749777
"CYMEXC",6.404020892916989e-6
"CYMEXC",2.6044824210126408e-5
"CYMEXC",2.3572771795791238e-5
"CYMEXC",2.7074225062503612e-5
"CYMEXC",0.0001472458923736033
"CYMEXC",0.0011987566766162347
"CYMEXC",0.002357452012577626
"CYMEXC",0.002757332058755028
"CYMEXC",0.0036161852181118806
"CYMEXC",0.011523891605220849
"CYMEXC",0.016708716828911965
"CYMEXC",0.012187484863715065
"CYMEXC",0.017252223156498374
"CYMEXC",0.003257761304898361
"CYMEXC",0.003859326835749777
"DIGTER",0.0012443771880474351
"DIGTER",0.0036970222431890487
"DIGTER",0.003349307913401139
"DIGTER",0.008058665867115865
"DIGTER",0.001843819706202626
"DIGTER",0.00887348077100959
"DIGTER",0.009179457916395553
"DIGTER",0.026782083282749013
"DIGTER",0.024768367248046475
"DIGTER",0.03827051047764791
"DIGTER",0.03893004602351148
"DIGTER",0.03020167561166261
"DIGTER",0.03798315292292347
"DIGTER",0.9470095955567671
"DIGTER",0.15153330312966815
"PHRMAU",6.404020892915374e-6
"PHRMAU",2.6044824210124345e-5
"PHRMAU",2.357277179578865e-5
"PHRMAU",2.707422506249628e-5
"PHRMAU",0.00014724589237361226
"PHRMAU",0.001198756676616176
"PHRMAU",0.0023574520125777937
"PHRMAU",0.0027573320587551023
"PHRMAU",0.003616185218111815
"PHRMAU",0.011523891605219432
"PHRMAU",0.01670871682891233
"PHRMAU",0.012187484863715308
"PHRMAU",0.017252223156496844
"PHRMAU",0.0032577613048983627
"PHRMAU",0.0038593268357497846
"TYPCAP",6.404020892915374e-6
"TYPCAP",2.6044824210124345e-5
"TYPCAP",2.357277179578865e-5
"TYPCAP",2.707422506249628e-5
"TYPCAP",0.00014724589237361226
"TYPCAP",0.001198756676616176
"TYPCAP",0.0023574520125777937
"TYPCAP",0.0027573320587551023
"TYPCAP",0.003616185218111815
"TYPCAP",0.011523891605219432
"TYPCAP",0.01670871682891233
"TYPCAP",0.012187484863715308
"TYPCAP",0.017252223156496844
"TYPCAP",0.0032577613048983627
"TYPCAP",0.0038593268357497846
"LOXAFR",0.11423746344561332
"LOXAFR",0.1207346036454053
"LOXAFR",0.12414004208211951
"LOXAFR",1.0
"LOXAFR",0.5127926286003419
"LOXAFR",0.20052572282178172
"LOXAFR",0.09176874218607317
"LOXAFR",0.14713410563759244
"LOXAFR",0.13029453141718267
"LOXAFR",0.4392229031929428
"LOXAFR",0.9950283089544798
"LOXAFR",0.3976593693366261
"LOXAFR",0.5751703418714957
"LOXAFR",0.4934249037854973
"LOXAFR",0.48211588736199423
"BLEACA",0.0016657727234450047
"BLEACA",0.003888282571028621
"BLEACA",0.0035401420167019268
"BLEACA",0.0008975928848083236
"BLEACA",0.0014509087585690599
"BLEACA",0.0030027644084374026
"BLEACA",0.001896631349082326
"BLEACA",0.0031868256942828577
"BLEACA",0.024595821581515236
"BLEACA",0.06788729259950588
"BLEACA",0.0028548380456105728
"BLEACA",0.002144713329656276
"BLEACA",0.0007873789345529525
"BLEACA",0.0005002179415868885
"BLEACA",0.0005932861837396512
"IBO",0.0016657727234450047
"IBO",0.003888282571028621
"IBO",0.0035401420167019268
"IBO",0.0008975928848083236
"IBO",0.0014509087585690599
"IBO",0.0030027644084374026
"IBO",0.001896631349082326
"IBO",0.0031868256942828577
"IBO",0.024595821581515236
"IBO",0.06788729259950588
"IBO",0.0028548380456105728
"IBO",0.002144713329656276
"IBO",0.0007873789345529525
"IBO",0.0005002179415868885
"IBO",0.0005932861837396512
"RHOREV",0.0016657727234450047
"RHOREV",0.003888282571028621
"RHOREV",0.0035401420167019268
"RHOREV",0.0008975928848083236
"RHOREV",0.0014509087585690599
"RHOREV",0.0030027644084374026
"RHOREV",0.001896631349082326
"RHOREV",0.0031868256942828577
"RHOREV",0.024595821581515236
"RHOREV",0.06788729259950588
"RHOREV",0.0028548380456105728
"RHOREV",0.002144713329656276
"RHOREV",0.0007873789345529525
"RHOREV",0.0005002179415868885
"RHOREV",0.0005932861837396512
"ACHASP",0.0013069005613192883
"ACHASP",0.004593299129016449
"ACHASP",0.004171630739997419
"ACHASP",0.0030371494489643165
"ACHASP",0.000739074393870642
"ACHASP",0.02097978991286885
"ACHASP",0.019102548843099802
"ACHASP",0.030559781770380535
"ACHASP",0.003749014181620432
"ACHASP",0.0024730886641599866
"ACHASP",0.0011455186803921984
"ACHASP",0.00047472148749302
"ACHASP",0.0005295553403340266
"ACHASP",0.00033633509278982487
"ACHASP",0.00039918568564799485
"BOSAUG",6.33879910000856e-5
"BOSAUG",0.0002674556311629475
"BOSAUG",0.00024216880039743766
"BOSAUG",0.0005570954327091012
"BOSAUG",0.0005294491246377404
"BOSAUG",0.021222096885544918
"BOSAUG",0.0035951640781472487
"BOSAUG",0.001665433300986461
"BOSAUG",0.0018339357482879044
"BOSAUG",0.0021414644536868507
"BOSAUG",0.0010928794340229707
"BOSAUG",0.0005273116293505295
"BOSAUG",0.0005145646080657986
"BOSAUG",0.00017226147849372825
"BOSAUG",0.00020435951632608346
"SOLNIG",0.001306900561319258
"SOLNIG",0.004593299129016062
"SOLNIG",0.004171630739997076
"SOLNIG",0.0030371494489641855
"SOLNIG",0.0007390743938706198
"SOLNIG",0.020979789912869674
"SOLNIG",0.019102548843099056
"SOLNIG",0.030559781770382773
"SOLNIG",0.0037490141816205022
"SOLNIG",0.0024730886641601488
"SOLNIG",0.0011455186803919586
"SOLNIG",0.0004747214874929984
"SOLNIG",0.0005295553403340177
"SOLNIG",0.0003363350927898365
"SOLNIG",0.0003991856856480191
"ACAXAN",4.126075740721276e-5
"ACAXAN",6.617900229392218e-5
"ACAXAN",5.9907347564354766e-5
"ACAXAN",0.0055809032916940915
"ACAXAN",0.0026715901040318397
"ACAXAN",0.0038925751402561566
"ACAXAN",0.001364326398359451
"ACAXAN",0.0016199390200492296
"ACAXAN",0.00146953291558481
"ACAXAN",0.0011190218042450813
"ACAXAN",0.0007704450145878414
"ACAXAN",0.0005985340025376707
"ACAXAN",0.0007818733887649892
"ACAXAN",0.00021580376839205567
"ACAXAN",0.0002559029626516848
"CROSPI",4.126075740721276e-5
"CROSPI",6.617900229392218e-5
"CROSPI",5.9907347564354766e-5
"CROSPI",0.0055809032916940915
"CROSPI",0.0026715901040318397
"CROSPI",0.0038925751402561566
"CROSPI",0.001364326398359451
"CROSPI",0.0016199390200492296
"CROSPI",0.00146953291558481
"CROSPI",0.0011190218042450813
"CROSPI",0.0007704450145878414
"CROSPI",0.0005985340025376707
"CROSPI",0.0007818733887649892
"CROSPI",0.00021580376839205567
"CROSPI",0.0002559029626516848
"DIGMIL",0.00017064251906326016
"DIGMIL",0.0003265444634013654
"DIGMIL",0.0002955703207787372
"DIGMIL",0.004843089445348916
"DIGMIL",0.01546511202639867
"DIGMIL",0.018420008633869684
"DIGMIL",0.011252190727574269
"DIGMIL",0.016710516989093104
"DIGMIL",0.015181200236559078
"DIGMIL",0.010995470054834448
"DIGMIL",0.034588907063309526
"DIGMIL",0.013553006277696025
"DIGMIL",0.008392891325560524
"DIGMIL",0.0030824666409289313
"DIGMIL",0.003652734455022315
"ECHHAP",0.0003315916260762273
"ECHHAP",0.0008429616300983355
"ECHHAP",0.000762918011817016
"ECHHAP",0.012715644171888044
"ECHHAP",0.028112381061523223
"ECHHAP",0.016455840241890993
"ECHHAP",0.007154992003552063
"ECHHAP",0.00889890170414402
"ECHHAP",0.009389824553373985
"ECHHAP",0.006060278809203008
"ECHHAP",0.009408287477728131
"ECHHAP",0.008291128305945736
"ECHHAP",0.013274567186898735
"ECHHAP",0.006574998121293175
"ECHHAP",0.007789434074793515
"EUPCAN",4.126075740721337e-5
"EUPCAN",6.617900229392357e-5
"EUPCAN",5.9907347564352564e-5
"EUPCAN",0.005580903291694389
"EUPCAN",0.002671590104031722
"EUPCAN",0.0038925751402559858
"EUPCAN",0.0013643263983594098
"EUPCAN",0.0016199390200491801
"EUPCAN",0.0014695329155847685
"EUPCAN",0.0011190218042453765
"EUPCAN",0.0007704450145877769
"EUPCAN",0.0005985340025377115
"EUPCAN",0.0007818733887650916
"EUPCAN",0.00021580376839215717
"EUPCAN",0.00025590296265178925
"KIGAFR",4.126075740721337e-5
"KIGAFR",6.617900229392357e-5
"KIGAFR",5.9907347564352564e-5
"KIGAFR",0.005580903291694389
"KIGAFR",0.002671590104031722
"KIGAFR",0.0038925751402559858
"KIGAFR",0.0013643263983594098
"KIGAFR",0.0016199390200491801
"KIGAFR",0.0014695329155847685
"KIGAFR",0.0011190218042453765
"KIGAFR",0.0007704450145877769
"KIGAFR",0.0005985340025377115
"KIGAFR",0.0007818733887650916
"KIGAFR",0.00021580376839215717
"KIGAFR",0.00025590296265178925
"PANDEU",0.00017064251906327734
"PANDEU",0.00032654446340140526
"PANDEU",0.00029557032077876444
"PANDEU",0.004843089445348909
"PANDEU",0.015465112026398362
"PANDEU",0.018420008633869746
"PANDEU",0.011252190727574626
"PANDEU",0.016710516989093913
"PANDEU",0.015181200236558912
"PANDEU",0.010995470054834266
"PANDEU",0.03458890706330848
"PANDEU",0.013553006277696317
"PANDEU",0.008392891325559503
"PANDEU",0.003082466640928759
"PANDEU",0.0036527344550221015
"SARVER",4.126075740721695e-5
"SARVER",6.617900229392825e-5
"SARVER",5.990734756435857e-5
"SARVER",0.005580903291694288
"SARVER",0.0026715901040317816
"SARVER",0.0038925751402561722
"SARVER",0.0013643263983594243
"SARVER",0.0016199390200491728
"SARVER",0.0014695329155848022
"SARVER",0.0011190218042452496
"SARVER",0.0007704450145878157
"SARVER",0.0005985340025376187
"SARVER",0.0007818733887650457
"SARVER",0.00021580376839216216
"SARVER",0.00025590296265177515
"CHLPYC",0.0006832170334114784
"CHLPYC",0.0025251523454914095
"CHLPYC",0.0022888935474006658
"CHLPYC",0.004092183421416984
"CHLPYC",0.0009764658657040532
"CHLPYC",0.0025180903274168256
"CHLPYC",0.0011458996175619332
"CHLPYC",0.009093331009091807
"CHLPYC",0.00843856551455061
"CHLPYC",0.00524098005905755
"CHLPYC",0.008116956347131716
"CHLPYC",0.006698841236887556
"CHLPYC",0.0351886287637565
"CHLPYC",0.03164927809620368
"CHLPYC",0.037491037515902964
"ERAEXA",5.4615421358657924e-5
"ERAEXA",0.0003442210537381304
"ERAEXA",0.0003115405240411048
"ERAEXA",0.00010036596796480073
"ERAEXA",0.0002455360353817305
"ERAEXA",0.002693534246451247
"ERAEXA",0.0036809963982528614
"ERAEXA",0.003719291505981905
"ERAEXA",0.004649867042475388
"ERAEXA",0.005118243112902259
"ERAEXA",0.007891742384995893
"ERAEXA",0.006706866249306209
"ERAEXA",0.13401386084735614
"ERAEXA",0.05291775991447515
"ERAEXA",0.06268564174249532
"CYP",0.00031561387394414466
"CYP",0.001311564327072372
"CYP",0.0011908211783032655
"CYP",0.0014401951203255547
"CYP",0.00033149506091958135
"CYP",0.0007335315977213955
"CYP",0.0006834250880501074
"CYP",0.010855867168500481
"CYP",0.0006060125968164707
"CYP",0.0002359674827147111
"CYP",0.0003026108257794853
"CYP",0.00023225440357101717
"CYP",0.00025050777853851265
"CYP",7.624809814892375e-5
"CYP",9.051506661035171e-5
"DIHAMP",0.00031561387394414466
"DIHAMP",0.001311564327072372
"DIHAMP",0.0011908211783032655
"DIHAMP",0.0014401951203255547
"DIHAMP",0.00033149506091958135
"DIHAMP",0.0007335315977213955
"DIHAMP",0.0006834250880501074
"DIHAMP",0.010855867168500481
"DIHAMP",0.0006060125968164707
"DIHAMP",0.0002359674827147111
"DIHAMP",0.0003026108257794853
"DIHAMP",0.00023225440357101717
"DIHAMP",0.00025050777853851265
"DIHAMP",7.624809814892375e-5
"DIHAMP",9.051506661035171e-5
"ERAASP",0.00031561387394414466
"ERAASP",0.001311564327072372
"ERAASP",0.0011908211783032655
"ERAASP",0.0014401951203255547
"ERAASP",0.00033149506091958135
"ERAASP",0.0007335315977213955
"ERAASP",0.0006834250880501074
"ERAASP",0.010855867168500481
"ERAASP",0.0006060125968164707
"ERAASP",0.0002359674827147111
"ERAASP",0.0003026108257794853
"ERAASP",0.00023225440357101717
"ERAASP",0.00025050777853851265
"ERAASP",7.624809814892375e-5
"ERAASP",9.051506661035171e-5
"ERINUB",0.00031561387394414466
"ERINUB",0.001311564327072372
"ERINUB",0.0011908211783032655
"ERINUB",0.0014401951203255547
"ERINUB",0.00033149506091958135
"ERINUB",0.0007335315977213955
"ERINUB",0.0006834250880501074
"ERINUB",0.010855867168500481
"ERINUB",0.0006060125968164707
"ERINUB",0.0002359674827147111
"ERINUB",0.0003026108257794853
"ERINUB",0.00023225440357101717
"ERINUB",0.00025050777853851265
"ERINUB",7.624809814892375e-5
"ERINUB",9.051506661035171e-5
"KYLNER",0.00031561387394414466
"KYLNER",0.001311564327072372
"KYLNER",0.0011908211783032655
"KYLNER",0.0014401951203255547
"KYLNER",0.00033149506091958135
"KYLNER",0.0007335315977213955
"KYLNER",0.0006834250880501074
"KYLNER",0.010855867168500481
"KYLNER",0.0006060125968164707
"KYLNER",0.0002359674827147111
"KYLNER",0.0003026108257794853
"KYLNER",0.00023225440357101717
"KYLNER",0.00025050777853851265
"KYLNER",7.624809814892375e-5
"KYLNER",9.051506661035171e-5
"PELCAL",0.00031561387394414466
"PELCAL",0.001311564327072372
"PELCAL",0.0011908211783032655
"PELCAL",0.0014401951203255547
"PELCAL",0.00033149506091958135
"PELCAL",0.0007335315977213955
"PELCAL",0.0006834250880501074
"PELCAL",0.010855867168500481
"PELCAL",0.0006060125968164707
"PELCAL",0.0002359674827147111
"PELCAL",0.0003026108257794853
"PELCAL",0.00023225440357101717
"PELCAL",0.00025050777853851265
"PELCAL",7.624809814892375e-5
"PELCAL",9.051506661035171e-5
"SPOPEL",0.00031561387394414466
"SPOPEL",0.001311564327072372
"SPOPEL",0.0011908211783032655
"SPOPEL",0.0014401951203255547
"SPOPEL",0.00033149506091958135
"SPOPEL",0.0007335315977213955
"SPOPEL",0.0006834250880501074
"SPOPEL",0.010855867168500481
"SPOPEL",0.0006060125968164707
"SPOPEL",0.0002359674827147111
"SPOPEL",0.0003026108257794853
"SPOPEL",0.00023225440357101717
"SPOPEL",0.00025050777853851265
"SPOPEL",7.624809814892375e-5
"SPOPEL",9.051506661035171e-5
"SPOSTA",0.00031561387394414466
"SPOSTA",0.001311564327072372
"SPOSTA",0.0011908211783032655
"SPOSTA",0.0014401951203255547
"SPOSTA",0.00033149506091958135
"SPOSTA",0.0007335315977213955
"SPOSTA",0.0006834250880501074
"SPOSTA",0.010855867168500481
"SPOSTA",0.0006060125968164707
"SPOSTA",0.0002359674827147111
"SPOSTA",0.0003026108257794853
"SPOSTA",0.00023225440357101717
"SPOSTA",0.00025050777853851265
"SPOSTA",7.624809814892375e-5
"SPOSTA",9.051506661035171e-5
"HYPDIS",5.371595778064407e-7
"HYPDIS",8.956962680686851e-7
"HYPDIS",8.107145556372248e-7
"HYPDIS",6.50712646903564e-6
"HYPDIS",1.586856761690518e-5
"HYPDIS",3.424977323744302e-5
"HYPDIS",8.50856947238194e-5
"HYPDIS",0.00011121385174485999
"HYPDIS",0.00015767155219399584
"HYPDIS",0.00010125880180913185
"HYPDIS",0.00024244017300269362
"HYPDIS",0.00021552092542480728
"HYPDIS",0.00026759388123425207
"HYPDIS",0.00020213214997928634
"HYPDIS",0.0002394243682097776
"CHLROX",9.82008532196378e-5
"CHLROX",0.0006805372028776148
"CHLROX",0.0006159953883000607
"CHLROX",0.001998287451758949
"CHLROX",0.0007933141214984644
"CHLROX",0.005633867783329872
"CHLROX",0.002595601214805343
"CHLROX",0.042560542176056114
"CHLROX",0.03506624961806147
"CHLROX",0.03598680876219057
"CHLROX",0.01878031298352191
"CHLROX",0.00990190178463694
"CHLROX",0.009851985019974535
"CHLROX",0.005824680201315107
"CHLROX",0.006900624096792512
"LONERI",8.97265615569527e-6
"LONERI",4.247835761883922e-5
"LONERI",3.8447292425451305e-5
"LONERI",6.616815802420274e-5
"LONERI",4.527486215855385e-5
"LONERI",0.002444453515146681
"LONERI",0.0011991313526025767
"LONERI",0.02392619002809515
"LONERI",0.0123432891868948
"LONERI",0.011065676455495506
"LONERI",0.014518744196799811
"LONERI",0.0020209220324852602
"LONERI",0.001538915563929089
"LONERI",0.0009743138205930225
"LONERI",0.0011544995534146284
"SETPAL",8.97265615569527e-6
"SETPAL",4.247835761883922e-5
"SETPAL",3.8447292425451305e-5
"SETPAL",6.616815802420274e-5
"SETPAL",4.527486215855385e-5
"SETPAL",0.002444453515146681
"SETPAL",0.0011991313526025767
"SETPAL",0.02392619002809515
"SETPAL",0.0123432891868948
"SETPAL",0.011065676455495506
"SETPAL",0.014518744196799811
"SETPAL",0.0020209220324852602
"SETPAL",0.001538915563929089
"SETPAL",0.0009743138205930225
"SETPAL",0.0011544995534146284
"SETSPH",8.97265615569527e-6
"SETSPH",4.247835761883922e-5
"SETSPH",3.8447292425451305e-5
"SETSPH",6.616815802420274e-5
"SETSPH",4.527486215855385e-5
"SETSPH",0.002444453515146681
"SETSPH",0.0011991313526025767
"SETSPH",0.02392619002809515
"SETSPH",0.0123432891868948
"SETSPH",0.011065676455495506
"SETSPH",0.014518744196799811
"SETSPH",0.0020209220324852602
"SETSPH",0.001538915563929089
"SETSPH",0.0009743138205930225
"SETSPH",0.0011544995534146284
