"","Food_Web","Species","Mode","Rank","Area_diffs","Vol_diffs"
"1","Serengeti_Baskerville","Acinonyx_jubatus","in",2,0,0
"2","Serengeti_Baskerville","Aepyceros_melampus","in",2,0,0
"3","Serengeti_Baskerville","Connochaetes_taurinus","in",2,0.107076309304251,0.00627653186545674
"4","Serengeti_Baskerville","Nanger_granti","in",2,5.64267443063926e-05,0.00444214746797478
"5","Serengeti_Baskerville","Eudorcas_thomsonii","in",2,0,0
"6","Serengeti_Baskerville","Madoqua_kirkii","in",2,0,0
"7","Serengeti_Baskerville","Ourebia_ourebi","in",2,0,0
"8","Serengeti_Baskerville","Phacochoerus_africanus","in",2,0,0
"9","Serengeti_Baskerville","Redunca_redunca","in",2,0,0
"10","Serengeti_Baskerville","Canis_aureus","in",2,1.77635683940025e-15,1.77635683940025e-15
"11","Serengeti_Baskerville","Equus_quagga","in",2,0,0
"12","Serengeti_Baskerville","Canis_mesomelas","in",2,0,0
"13","Serengeti_Baskerville","Caracal_caracal","in",2,0,0
"14","Serengeti_Baskerville","Pedetes_capensis","in",2,0,0
"15","Serengeti_Baskerville","Procavia_capensis","in",2,0.232518551763262,0.171251326286862
"16","Serengeti_Baskerville","Rhabdomys_pumilio","in",2,0,0
"17","Serengeti_Baskerville","Crocuta_crocuta","in",2,0,0
"18","Serengeti_Baskerville","Alcelaphus_buselaphus","in",2,0.00045539795943661,0.00697163651168542
"19","Serengeti_Baskerville","Damaliscus_korrigum","in",2,0,0
"20","Serengeti_Baskerville","Kobus_ellipsiprymnus","in",2,0,0
"21","Serengeti_Baskerville","Leptailurus_serval","in",2,0,0
"22","Serengeti_Baskerville","Lycaon_pictus","in",2,0,0
"23","Serengeti_Baskerville","Tragelaphus_scriptus","in",2,0,0
"24","Serengeti_Baskerville","Panthera_leo","in",2,0,0
"25","Serengeti_Baskerville","Giraffa_camelopardalis","in",2,0,0
"26","Serengeti_Baskerville","Syncerus_caffer","in",2,0,0
"27","Serengeti_Baskerville","Taurotragus_oryx","in",2,0,0
"28","Serengeti_Baskerville","Panthera_pardus","in",2,0,0
"29","Serengeti_Baskerville","Heterohyrax_brucei","in",2,0.175783530658414,0.287106782762035
"30","Serengeti_Baskerville","Papio_anubis","in",2,0,0
"31","Serengeti_Baskerville","acacia_senegal","in",2,0,0
"32","Serengeti_Baskerville","vachellia_tortilis","in",2,0,0
"33","Serengeti_Baskerville","andropogon_greenwayi","in",2,0,0
"34","Serengeti_Baskerville","aristida_spp.","in",2,0,0
"35","Serengeti_Baskerville","brachiaria_semiundulata","in",2,0,0
"36","Serengeti_Baskerville","chloris_gayana","in",2,0,0
"37","Serengeti_Baskerville","combretum_molle","in",2,0,0
"38","Serengeti_Baskerville","croton_macrostachyus","in",2,0,0
"39","Serengeti_Baskerville","cynodon_dactylon","in",2,0,0
"40","Serengeti_Baskerville","grewia_bicolor","in",2,0,0
"41","Serengeti_Baskerville","harpachne_schimperi","in",2,0,0
"42","Serengeti_Baskerville","hibiscus_spp.","in",2,0,0
"43","Serengeti_Baskerville","hyparrhenia_filipendula","in",2,0,0
"44","Serengeti_Baskerville","hyparrhenia_rufa","in",2,0,0
"45","Serengeti_Baskerville","indigofera_hochstetteri","in",2,0,0
"46","Serengeti_Baskerville","panicum_maximum","in",2,0,0
"47","Serengeti_Baskerville","pennisetum_mezianum","in",2,0,0
"48","Serengeti_Baskerville","sida_spp.","in",2,0,0
"49","Serengeti_Baskerville","solanum_incanum","in",2,0,0
"50","Serengeti_Baskerville","sporobolus_festivus","in",2,0,0
"51","Serengeti_Baskerville","sporobolus_ioclados","in",2,0,0
"52","Serengeti_Baskerville","sporobolus_pyramidalis","in",2,0,0
"53","Serengeti_Baskerville","themeda_triandra","in",2,0,0
"54","Serengeti_Baskerville","bothriochloa_insculpta","in",2,0,0
"55","Serengeti_Baskerville","digitaria_macroblephara","in",2,0,0
"56","Serengeti_Baskerville","digitaria_abyssinica","in",2,0,0
"57","Serengeti_Baskerville","dinebra_retroflexa","in",2,0,0
"58","Serengeti_Baskerville","eustachys_paspaloides","in",2,0,0
"59","Serengeti_Baskerville","heteropogon_contortus","in",2,0,0
"60","Serengeti_Baskerville","panicum_coloratum","in",2,0,0
"61","Serengeti_Baskerville","sporobolus_spicatus","in",2,0,0
"62","Serengeti_Baskerville","digitaria_diagonalis","in",2,0,0
"63","Serengeti_Baskerville","eragrostis_cilianensis","in",2,0,0
"64","Serengeti_Baskerville","eragrostis_tenuifolia","in",2,0,0
"65","Serengeti_Baskerville","microchloa_kunthii","in",2,0,0
"66","Serengeti_Baskerville","psilolemma_jaegeri","in",2,0,0
"67","Serengeti_Baskerville","balanites_aegyptiacus","in",2,0,0
"68","Serengeti_Baskerville","duosperma_kilimandscharicum","in",2,0,0
"69","Serengeti_Baskerville","pennisetum_stramineum","in",2,0,0
"70","Serengeti_Baskerville","sporobolus_fimbriatus","in",2,0,0
"71","Serengeti_Baskerville","acacia_robusta","in",2,0,0
"72","Serengeti_Baskerville","vachellia_seyal","in",2,0,0
"73","Serengeti_Baskerville","commiphora_trothae","in",2,0,0
"74","Serengeti_Baskerville","cordia_ovalis","in",2,0,0
"75","Serengeti_Baskerville","grewia_arborea","in",2,0,0
"76","Serengeti_Baskerville","grewia_trichocarpa","in",2,0,0
"77","Serengeti_Baskerville","hibiscus_lunariifolius","in",2,0,0
"78","Serengeti_Baskerville","maerua_cafra","in",2,0,0
"79","Serengeti_Baskerville","olea_spp.","in",2,0,0
"80","Serengeti_Baskerville","pavetta_assimilis","in",2,0,0
"81","Serengeti_Baskerville","phyllanthus_sepialis","in",2,0,0
"82","Serengeti_Baskerville","abutilon_spp.","in",2,0,0
"83","Serengeti_Baskerville","acalypha_fruticosa","in",2,0,0
"84","Serengeti_Baskerville","albizia_harveyi","in",2,0,0
"85","Serengeti_Baskerville","albuca_spp.","in",2,0,0
"86","Serengeti_Baskerville","allophylus_rubifolius","in",2,0,0
"87","Serengeti_Baskerville","aloe_macrosiphon","in",2,0,0
"88","Serengeti_Baskerville","aloe_secundiflora","in",2,0,0
"89","Serengeti_Baskerville","capparis_tomentosa","in",2,0,0
"90","Serengeti_Baskerville","cenchrus_ciliaris","in",2,0,0
"91","Serengeti_Baskerville","cissus_quadrangularis","in",2,0,0
"92","Serengeti_Baskerville","cissus_rotundifolia","in",2,0,0
"93","Serengeti_Baskerville","commelina_africana","in",2,0,0
"94","Serengeti_Baskerville","commiphora_merkeri","in",2,0,0
"95","Serengeti_Baskerville","commiphora_schimperi","in",2,0,0
"96","Serengeti_Baskerville","croton_dichogamus","in",2,0,0
"97","Serengeti_Baskerville","cyphostemma_spp.","in",2,0,0
"98","Serengeti_Baskerville","digitaria_velutina","in",2,0,0
"99","Serengeti_Baskerville","emilia_coccinea","in",2,0,0
"100","Serengeti_Baskerville","ficus_glumosa","in",2,0,0
"101","Serengeti_Baskerville","ficus_ingens","in",2,0,0
"102","Serengeti_Baskerville","ficus_thonningii","in",2,0,0
"103","Serengeti_Baskerville","heliotropium_steudneri","in",2,0,0
"104","Serengeti_Baskerville","hoslundia_opposita","in",2,0,0
"105","Serengeti_Baskerville","hypoestes_forskaolii","in",2,0,0
"106","Serengeti_Baskerville","indigofera_basiflora","in",2,0,0
"107","Serengeti_Baskerville","ipomoea_obscura","in",2,0,0
"108","Serengeti_Baskerville","jasminum_spp.","in",2,0,0
"109","Serengeti_Baskerville","kalanchoe_spp.","in",2,0,0
"110","Serengeti_Baskerville","kedrostis_foetidissima","in",2,0,0
"111","Serengeti_Baskerville","emilia_ukambensis","in",2,0,0
"112","Serengeti_Baskerville","ocimum_spp.","in",2,0,0
"113","Serengeti_Baskerville","pappea_capensis","in",2,0,0
"114","Serengeti_Baskerville","pavonia_patens","in",2,0,0
"115","Serengeti_Baskerville","pupalia_lappacea","in",2,0,0
"116","Serengeti_Baskerville","sclerocarya_birrea","in",2,0,0
"117","Serengeti_Baskerville","senna_didymobotrya","in",2,0,0
"118","Serengeti_Baskerville","sansevieria_ehrenbergii","in",2,0,0
"119","Serengeti_Baskerville","sansevieria_suffruticosa","in",2,0,0
"120","Serengeti_Baskerville","solanum_dennekense","in",2,0,0
"121","Serengeti_Baskerville","tricholaena_teneriffae","in",2,0,0
"122","Serengeti_Baskerville","turraea_fischeri","in",2,0,0
"123","Serengeti_Baskerville","ximenia_caffra","in",2,0,0
"124","Serengeti_Baskerville","ziziphus_spp.","in",2,0,0
"125","Serengeti_Baskerville","Hippopotamus_amphibius","in",2,0,0
"126","Serengeti_Baskerville","panicum_repens","in",2,0,0
"127","Serengeti_Baskerville","andropogon_schirensis","in",2,0,0
"128","Serengeti_Baskerville","cymbopogon_caesius","in",2,0,0
"129","Serengeti_Baskerville","digitaria_ternata","in",2,0,0
"130","Serengeti_Baskerville","phragmites_mauritianus","in",2,0,0
"131","Serengeti_Baskerville","typha_capensis","in",2,0,0
"132","Serengeti_Baskerville","Loxodonta_africana","in",2,0,0
"133","Serengeti_Baskerville","blepharis_acanthodioides","in",2,0,0
"134","Serengeti_Baskerville","iboza_spp.","in",2,0,0
"135","Serengeti_Baskerville","rhoicissus_revoilii","in",2,0,0
"136","Serengeti_Baskerville","achyranthes_aspera","in",2,0,0
"137","Serengeti_Baskerville","boscia_augustifolia","in",2,0,0
"138","Serengeti_Baskerville","solanum_nigrum","in",2,0,0
"139","Serengeti_Baskerville","vachellia_xanthophloea","in",2,0,0
"140","Serengeti_Baskerville","crotalaria_spinosa","in",2,0,0
"141","Serengeti_Baskerville","digitaria_milanjiana","in",2,0,0
"142","Serengeti_Baskerville","echinochloa_haploclada","in",2,0,0
"143","Serengeti_Baskerville","euphorbia_candelabrum","in",2,0,0
"144","Serengeti_Baskerville","kigelia_africana","in",2,0,0
"145","Serengeti_Baskerville","panicum_deustum","in",2,0,0
"146","Serengeti_Baskerville","sorghum_versicolor","in",2,0,0
"147","Serengeti_Baskerville","chloris_pycnothrix","in",2,0,0
"148","Serengeti_Baskerville","eragrostis_exasperata","in",2,0,0
"149","Serengeti_Baskerville","cyperus_spp.","in",2,0,0
"150","Serengeti_Baskerville","diheteropogon_amplectens","in",2,0,0
"151","Serengeti_Baskerville","eragrostis_aspera","in",2,0,0
"152","Serengeti_Baskerville","eriochloa_fatmensis","in",2,0,0
"153","Serengeti_Baskerville","kyllinga_nervosa","in",2,0,0
"154","Serengeti_Baskerville","pellaea_calomelanos","in",2,0,0
"155","Serengeti_Baskerville","sporobolus_pellucidus","in",2,0,0
"156","Serengeti_Baskerville","sporobolus_stapfianus","in",2,0,0
"157","Serengeti_Baskerville","hyperthelia_dissoluta","in",2,0,0
"158","Serengeti_Baskerville","chloris_roxburghiana","in",2,0,0
"159","Serengeti_Baskerville","lonchocarpus_eriocalyx","in",2,0,0
"160","Serengeti_Baskerville","setaria_pallidefusca","in",2,0,0
"161","Serengeti_Baskerville","setaria_sphacelata","in",2,0,0
"162","Serengeti_Baskerville","Acinonyx_jubatus","in",3,0,0
"163","Serengeti_Baskerville","Aepyceros_melampus","in",3,0,0
"164","Serengeti_Baskerville","Connochaetes_taurinus","in",3,0.0890912698860111,0.00311023767866669
"165","Serengeti_Baskerville","Nanger_granti","in",3,0.00723814628208874,0.00220123704065445
"166","Serengeti_Baskerville","Eudorcas_thomsonii","in",3,0,0
"167","Serengeti_Baskerville","Madoqua_kirkii","in",3,0,0
"168","Serengeti_Baskerville","Ourebia_ourebi","in",3,0,0
"169","Serengeti_Baskerville","Phacochoerus_africanus","in",3,0,0
"170","Serengeti_Baskerville","Redunca_redunca","in",3,0,0
"171","Serengeti_Baskerville","Canis_aureus","in",3,-8.88178419700125e-16,-2.22044604925031e-16
"172","Serengeti_Baskerville","Equus_quagga","in",3,0,0
"173","Serengeti_Baskerville","Canis_mesomelas","in",3,0,0
"174","Serengeti_Baskerville","Caracal_caracal","in",3,0,0
"175","Serengeti_Baskerville","Pedetes_capensis","in",3,0,0
"176","Serengeti_Baskerville","Procavia_capensis","in",3,0.422055675580718,0.0848609294044076
"177","Serengeti_Baskerville","Rhabdomys_pumilio","in",3,0,0
"178","Serengeti_Baskerville","Crocuta_crocuta","in",3,0,0
"179","Serengeti_Baskerville","Alcelaphus_buselaphus","in",3,0.00755417963278049,0.00345468596757204
"180","Serengeti_Baskerville","Damaliscus_korrigum","in",3,0,0
"181","Serengeti_Baskerville","Kobus_ellipsiprymnus","in",3,0,0
"182","Serengeti_Baskerville","Leptailurus_serval","in",3,0,0
"183","Serengeti_Baskerville","Lycaon_pictus","in",3,0,0
"184","Serengeti_Baskerville","Tragelaphus_scriptus","in",3,0,0
"185","Serengeti_Baskerville","Panthera_leo","in",3,0,0
"186","Serengeti_Baskerville","Giraffa_camelopardalis","in",3,0,0
"187","Serengeti_Baskerville","Syncerus_caffer","in",3,0,0
"188","Serengeti_Baskerville","Taurotragus_oryx","in",3,0,0
"189","Serengeti_Baskerville","Panthera_pardus","in",3,0.216280269511278,0.0460210886359423
"190","Serengeti_Baskerville","Heterohyrax_brucei","in",3,0.559767836054813,0.142271297698936
"191","Serengeti_Baskerville","Papio_anubis","in",3,0,0
"192","Serengeti_Baskerville","acacia_senegal","in",3,0,0
"193","Serengeti_Baskerville","vachellia_tortilis","in",3,0,0
"194","Serengeti_Baskerville","andropogon_greenwayi","in",3,0,0
"195","Serengeti_Baskerville","aristida_spp.","in",3,0,0
"196","Serengeti_Baskerville","brachiaria_semiundulata","in",3,0,0
"197","Serengeti_Baskerville","chloris_gayana","in",3,0,0
"198","Serengeti_Baskerville","combretum_molle","in",3,0,0
"199","Serengeti_Baskerville","croton_macrostachyus","in",3,0,0
"200","Serengeti_Baskerville","cynodon_dactylon","in",3,0,0
"201","Serengeti_Baskerville","grewia_bicolor","in",3,0,0
"202","Serengeti_Baskerville","harpachne_schimperi","in",3,0,0
"203","Serengeti_Baskerville","hibiscus_spp.","in",3,0,0
"204","Serengeti_Baskerville","hyparrhenia_filipendula","in",3,0,0
"205","Serengeti_Baskerville","hyparrhenia_rufa","in",3,0,0
"206","Serengeti_Baskerville","indigofera_hochstetteri","in",3,0,0
"207","Serengeti_Baskerville","panicum_maximum","in",3,0,0
"208","Serengeti_Baskerville","pennisetum_mezianum","in",3,0,0
"209","Serengeti_Baskerville","sida_spp.","in",3,0,0
"210","Serengeti_Baskerville","solanum_incanum","in",3,0,0
"211","Serengeti_Baskerville","sporobolus_festivus","in",3,0,0
"212","Serengeti_Baskerville","sporobolus_ioclados","in",3,0,0
"213","Serengeti_Baskerville","sporobolus_pyramidalis","in",3,0,0
"214","Serengeti_Baskerville","themeda_triandra","in",3,0,0
"215","Serengeti_Baskerville","bothriochloa_insculpta","in",3,0,0
"216","Serengeti_Baskerville","digitaria_macroblephara","in",3,0,0
"217","Serengeti_Baskerville","digitaria_abyssinica","in",3,0,0
"218","Serengeti_Baskerville","dinebra_retroflexa","in",3,0,0
"219","Serengeti_Baskerville","eustachys_paspaloides","in",3,0,0
"220","Serengeti_Baskerville","heteropogon_contortus","in",3,0,0
"221","Serengeti_Baskerville","panicum_coloratum","in",3,0,0
"222","Serengeti_Baskerville","sporobolus_spicatus","in",3,0,0
"223","Serengeti_Baskerville","digitaria_diagonalis","in",3,0,0
"224","Serengeti_Baskerville","eragrostis_cilianensis","in",3,0,0
"225","Serengeti_Baskerville","eragrostis_tenuifolia","in",3,0,0
"226","Serengeti_Baskerville","microchloa_kunthii","in",3,0,0
"227","Serengeti_Baskerville","psilolemma_jaegeri","in",3,0,0
"228","Serengeti_Baskerville","balanites_aegyptiacus","in",3,0,0
"229","Serengeti_Baskerville","duosperma_kilimandscharicum","in",3,0,0
"230","Serengeti_Baskerville","pennisetum_stramineum","in",3,0,0
"231","Serengeti_Baskerville","sporobolus_fimbriatus","in",3,0,0
"232","Serengeti_Baskerville","acacia_robusta","in",3,0,0
"233","Serengeti_Baskerville","vachellia_seyal","in",3,0,0
"234","Serengeti_Baskerville","commiphora_trothae","in",3,0,0
"235","Serengeti_Baskerville","cordia_ovalis","in",3,0,0
"236","Serengeti_Baskerville","grewia_arborea","in",3,0,0
"237","Serengeti_Baskerville","grewia_trichocarpa","in",3,0,0
"238","Serengeti_Baskerville","hibiscus_lunariifolius","in",3,0,0
"239","Serengeti_Baskerville","maerua_cafra","in",3,0,0
"240","Serengeti_Baskerville","olea_spp.","in",3,0,0
"241","Serengeti_Baskerville","pavetta_assimilis","in",3,0,0
"242","Serengeti_Baskerville","phyllanthus_sepialis","in",3,0,0
"243","Serengeti_Baskerville","abutilon_spp.","in",3,0,0
"244","Serengeti_Baskerville","acalypha_fruticosa","in",3,0,0
"245","Serengeti_Baskerville","albizia_harveyi","in",3,0,0
"246","Serengeti_Baskerville","albuca_spp.","in",3,0,0
"247","Serengeti_Baskerville","allophylus_rubifolius","in",3,0,0
"248","Serengeti_Baskerville","aloe_macrosiphon","in",3,0,0
"249","Serengeti_Baskerville","aloe_secundiflora","in",3,0,0
"250","Serengeti_Baskerville","capparis_tomentosa","in",3,0,0
"251","Serengeti_Baskerville","cenchrus_ciliaris","in",3,0,0
"252","Serengeti_Baskerville","cissus_quadrangularis","in",3,0,0
"253","Serengeti_Baskerville","cissus_rotundifolia","in",3,0,0
"254","Serengeti_Baskerville","commelina_africana","in",3,0,0
"255","Serengeti_Baskerville","commiphora_merkeri","in",3,0,0
"256","Serengeti_Baskerville","commiphora_schimperi","in",3,0,0
"257","Serengeti_Baskerville","croton_dichogamus","in",3,0,0
"258","Serengeti_Baskerville","cyphostemma_spp.","in",3,0,0
"259","Serengeti_Baskerville","digitaria_velutina","in",3,0,0
"260","Serengeti_Baskerville","emilia_coccinea","in",3,0,0
"261","Serengeti_Baskerville","ficus_glumosa","in",3,0,0
"262","Serengeti_Baskerville","ficus_ingens","in",3,0,0
"263","Serengeti_Baskerville","ficus_thonningii","in",3,0,0
"264","Serengeti_Baskerville","heliotropium_steudneri","in",3,0,0
"265","Serengeti_Baskerville","hoslundia_opposita","in",3,0,0
"266","Serengeti_Baskerville","hypoestes_forskaolii","in",3,0,0
"267","Serengeti_Baskerville","indigofera_basiflora","in",3,0,0
"268","Serengeti_Baskerville","ipomoea_obscura","in",3,0,0
"269","Serengeti_Baskerville","jasminum_spp.","in",3,0,0
"270","Serengeti_Baskerville","kalanchoe_spp.","in",3,0,0
"271","Serengeti_Baskerville","kedrostis_foetidissima","in",3,0,0
"272","Serengeti_Baskerville","emilia_ukambensis","in",3,0,0
"273","Serengeti_Baskerville","ocimum_spp.","in",3,0,0
"274","Serengeti_Baskerville","pappea_capensis","in",3,0,0
"275","Serengeti_Baskerville","pavonia_patens","in",3,0,0
"276","Serengeti_Baskerville","pupalia_lappacea","in",3,0,0
"277","Serengeti_Baskerville","sclerocarya_birrea","in",3,0,0
"278","Serengeti_Baskerville","senna_didymobotrya","in",3,0,0
"279","Serengeti_Baskerville","sansevieria_ehrenbergii","in",3,0,0
"280","Serengeti_Baskerville","sansevieria_suffruticosa","in",3,0,0
"281","Serengeti_Baskerville","solanum_dennekense","in",3,0,0
"282","Serengeti_Baskerville","tricholaena_teneriffae","in",3,0,0
"283","Serengeti_Baskerville","turraea_fischeri","in",3,0,0
"284","Serengeti_Baskerville","ximenia_caffra","in",3,0,0
"285","Serengeti_Baskerville","ziziphus_spp.","in",3,0,0
"286","Serengeti_Baskerville","Hippopotamus_amphibius","in",3,0,0
"287","Serengeti_Baskerville","panicum_repens","in",3,0,0
"288","Serengeti_Baskerville","andropogon_schirensis","in",3,0,0
"289","Serengeti_Baskerville","cymbopogon_caesius","in",3,0,0
"290","Serengeti_Baskerville","digitaria_ternata","in",3,0,0
"291","Serengeti_Baskerville","phragmites_mauritianus","in",3,0,0
"292","Serengeti_Baskerville","typha_capensis","in",3,0,0
"293","Serengeti_Baskerville","Loxodonta_africana","in",3,0,0
"294","Serengeti_Baskerville","blepharis_acanthodioides","in",3,0,0
"295","Serengeti_Baskerville","iboza_spp.","in",3,0,0
"296","Serengeti_Baskerville","rhoicissus_revoilii","in",3,0,0
"297","Serengeti_Baskerville","achyranthes_aspera","in",3,0,0
"298","Serengeti_Baskerville","boscia_augustifolia","in",3,0,0
"299","Serengeti_Baskerville","solanum_nigrum","in",3,0,0
"300","Serengeti_Baskerville","vachellia_xanthophloea","in",3,0,0
"301","Serengeti_Baskerville","crotalaria_spinosa","in",3,0,0
"302","Serengeti_Baskerville","digitaria_milanjiana","in",3,0,0
"303","Serengeti_Baskerville","echinochloa_haploclada","in",3,0,0
"304","Serengeti_Baskerville","euphorbia_candelabrum","in",3,0,0
"305","Serengeti_Baskerville","kigelia_africana","in",3,0,0
"306","Serengeti_Baskerville","panicum_deustum","in",3,0,0
"307","Serengeti_Baskerville","sorghum_versicolor","in",3,0,0
"308","Serengeti_Baskerville","chloris_pycnothrix","in",3,0,0
"309","Serengeti_Baskerville","eragrostis_exasperata","in",3,0,0
"310","Serengeti_Baskerville","cyperus_spp.","in",3,0,0
"311","Serengeti_Baskerville","diheteropogon_amplectens","in",3,0,0
"312","Serengeti_Baskerville","eragrostis_aspera","in",3,0,0
"313","Serengeti_Baskerville","eriochloa_fatmensis","in",3,0,0
"314","Serengeti_Baskerville","kyllinga_nervosa","in",3,0,0
"315","Serengeti_Baskerville","pellaea_calomelanos","in",3,0,0
"316","Serengeti_Baskerville","sporobolus_pellucidus","in",3,0,0
"317","Serengeti_Baskerville","sporobolus_stapfianus","in",3,0,0
"318","Serengeti_Baskerville","hyperthelia_dissoluta","in",3,0,0
"319","Serengeti_Baskerville","chloris_roxburghiana","in",3,0,0
"320","Serengeti_Baskerville","lonchocarpus_eriocalyx","in",3,0,0
"321","Serengeti_Baskerville","setaria_pallidefusca","in",3,0,0
"322","Serengeti_Baskerville","setaria_sphacelata","in",3,0,0
"323","Serengeti_Baskerville","Acinonyx_jubatus","in",4,0,0
"324","Serengeti_Baskerville","Aepyceros_melampus","in",4,0.220160276961484,0.0259233311960019
"325","Serengeti_Baskerville","Connochaetes_taurinus","in",4,0.0371166287091498,0.00225195361921315
"326","Serengeti_Baskerville","Nanger_granti","in",4,0.0100729280424137,0.00200847785255709
"327","Serengeti_Baskerville","Eudorcas_thomsonii","in",4,0.0242849471584368,0.00376177027429869
"328","Serengeti_Baskerville","Madoqua_kirkii","in",4,0,0
"329","Serengeti_Baskerville","Ourebia_ourebi","in",4,0,0
"330","Serengeti_Baskerville","Phacochoerus_africanus","in",4,0,0
"331","Serengeti_Baskerville","Redunca_redunca","in",4,0,0
"332","Serengeti_Baskerville","Canis_aureus","in",4,1.77635683940025e-15,-1.11022302462516e-16
"333","Serengeti_Baskerville","Equus_quagga","in",4,0,0
"334","Serengeti_Baskerville","Canis_mesomelas","in",4,0,0
"335","Serengeti_Baskerville","Caracal_caracal","in",4,0,0
"336","Serengeti_Baskerville","Pedetes_capensis","in",4,0,0
"337","Serengeti_Baskerville","Procavia_capensis","in",4,1.76648973581231,0.204949416271615
"338","Serengeti_Baskerville","Rhabdomys_pumilio","in",4,0.325480354854627,0.0498239312819674
"339","Serengeti_Baskerville","Crocuta_crocuta","in",4,0,0
"340","Serengeti_Baskerville","Alcelaphus_buselaphus","in",4,0.00517496749692814,0.00128055876811417
"341","Serengeti_Baskerville","Damaliscus_korrigum","in",4,0,0
"342","Serengeti_Baskerville","Kobus_ellipsiprymnus","in",4,0,0
"343","Serengeti_Baskerville","Leptailurus_serval","in",4,0,0
"344","Serengeti_Baskerville","Lycaon_pictus","in",4,0,0
"345","Serengeti_Baskerville","Tragelaphus_scriptus","in",4,0,0
"346","Serengeti_Baskerville","Panthera_leo","in",4,0,0
"347","Serengeti_Baskerville","Giraffa_camelopardalis","in",4,0.437331751984747,0.0751814940816118
"348","Serengeti_Baskerville","Syncerus_caffer","in",4,0,0
"349","Serengeti_Baskerville","Taurotragus_oryx","in",4,0,0
"350","Serengeti_Baskerville","Panthera_pardus","in",4,0.231220964589539,0.0377260269056854
"351","Serengeti_Baskerville","Heterohyrax_brucei","in",4,0.885340107806438,0.12067436251884
"352","Serengeti_Baskerville","Papio_anubis","in",4,0,0
"353","Serengeti_Baskerville","acacia_senegal","in",4,0,0
"354","Serengeti_Baskerville","vachellia_tortilis","in",4,0,0
"355","Serengeti_Baskerville","andropogon_greenwayi","in",4,0,0
"356","Serengeti_Baskerville","aristida_spp.","in",4,0,0
"357","Serengeti_Baskerville","brachiaria_semiundulata","in",4,0,0
"358","Serengeti_Baskerville","chloris_gayana","in",4,0,0
"359","Serengeti_Baskerville","combretum_molle","in",4,0,0
"360","Serengeti_Baskerville","croton_macrostachyus","in",4,0,0
"361","Serengeti_Baskerville","cynodon_dactylon","in",4,0,0
"362","Serengeti_Baskerville","grewia_bicolor","in",4,0,0
"363","Serengeti_Baskerville","harpachne_schimperi","in",4,0,0
"364","Serengeti_Baskerville","hibiscus_spp.","in",4,0,0
"365","Serengeti_Baskerville","hyparrhenia_filipendula","in",4,0,0
"366","Serengeti_Baskerville","hyparrhenia_rufa","in",4,0,0
"367","Serengeti_Baskerville","indigofera_hochstetteri","in",4,0,0
"368","Serengeti_Baskerville","panicum_maximum","in",4,0,0
"369","Serengeti_Baskerville","pennisetum_mezianum","in",4,0,0
"370","Serengeti_Baskerville","sida_spp.","in",4,0,0
"371","Serengeti_Baskerville","solanum_incanum","in",4,0,0
"372","Serengeti_Baskerville","sporobolus_festivus","in",4,0,0
"373","Serengeti_Baskerville","sporobolus_ioclados","in",4,0,0
"374","Serengeti_Baskerville","sporobolus_pyramidalis","in",4,0,0
"375","Serengeti_Baskerville","themeda_triandra","in",4,0,0
"376","Serengeti_Baskerville","bothriochloa_insculpta","in",4,0,0
"377","Serengeti_Baskerville","digitaria_macroblephara","in",4,0,0
"378","Serengeti_Baskerville","digitaria_abyssinica","in",4,0,0
"379","Serengeti_Baskerville","dinebra_retroflexa","in",4,0,0
"380","Serengeti_Baskerville","eustachys_paspaloides","in",4,0,0
"381","Serengeti_Baskerville","heteropogon_contortus","in",4,0,0
"382","Serengeti_Baskerville","panicum_coloratum","in",4,0,0
"383","Serengeti_Baskerville","sporobolus_spicatus","in",4,0,0
"384","Serengeti_Baskerville","digitaria_diagonalis","in",4,0,0
"385","Serengeti_Baskerville","eragrostis_cilianensis","in",4,0,0
"386","Serengeti_Baskerville","eragrostis_tenuifolia","in",4,0,0
"387","Serengeti_Baskerville","microchloa_kunthii","in",4,0,0
"388","Serengeti_Baskerville","psilolemma_jaegeri","in",4,0,0
"389","Serengeti_Baskerville","balanites_aegyptiacus","in",4,0,0
"390","Serengeti_Baskerville","duosperma_kilimandscharicum","in",4,0,0
"391","Serengeti_Baskerville","pennisetum_stramineum","in",4,0,0
"392","Serengeti_Baskerville","sporobolus_fimbriatus","in",4,0,0
"393","Serengeti_Baskerville","acacia_robusta","in",4,0,0
"394","Serengeti_Baskerville","vachellia_seyal","in",4,0,0
"395","Serengeti_Baskerville","commiphora_trothae","in",4,0,0
"396","Serengeti_Baskerville","cordia_ovalis","in",4,0,0
"397","Serengeti_Baskerville","grewia_arborea","in",4,0,0
"398","Serengeti_Baskerville","grewia_trichocarpa","in",4,0,0
"399","Serengeti_Baskerville","hibiscus_lunariifolius","in",4,0,0
"400","Serengeti_Baskerville","maerua_cafra","in",4,0,0
"401","Serengeti_Baskerville","olea_spp.","in",4,0,0
"402","Serengeti_Baskerville","pavetta_assimilis","in",4,0,0
"403","Serengeti_Baskerville","phyllanthus_sepialis","in",4,0,0
"404","Serengeti_Baskerville","abutilon_spp.","in",4,0,0
"405","Serengeti_Baskerville","acalypha_fruticosa","in",4,0,0
"406","Serengeti_Baskerville","albizia_harveyi","in",4,0,0
"407","Serengeti_Baskerville","albuca_spp.","in",4,0,0
"408","Serengeti_Baskerville","allophylus_rubifolius","in",4,0,0
"409","Serengeti_Baskerville","aloe_macrosiphon","in",4,0,0
"410","Serengeti_Baskerville","aloe_secundiflora","in",4,0,0
"411","Serengeti_Baskerville","capparis_tomentosa","in",4,0,0
"412","Serengeti_Baskerville","cenchrus_ciliaris","in",4,0,0
"413","Serengeti_Baskerville","cissus_quadrangularis","in",4,0,0
"414","Serengeti_Baskerville","cissus_rotundifolia","in",4,0,0
"415","Serengeti_Baskerville","commelina_africana","in",4,0,0
"416","Serengeti_Baskerville","commiphora_merkeri","in",4,0,0
"417","Serengeti_Baskerville","commiphora_schimperi","in",4,0,0
"418","Serengeti_Baskerville","croton_dichogamus","in",4,0,0
"419","Serengeti_Baskerville","cyphostemma_spp.","in",4,0,0
"420","Serengeti_Baskerville","digitaria_velutina","in",4,0,0
"421","Serengeti_Baskerville","emilia_coccinea","in",4,0,0
"422","Serengeti_Baskerville","ficus_glumosa","in",4,0,0
"423","Serengeti_Baskerville","ficus_ingens","in",4,0,0
"424","Serengeti_Baskerville","ficus_thonningii","in",4,0,0
"425","Serengeti_Baskerville","heliotropium_steudneri","in",4,0,0
"426","Serengeti_Baskerville","hoslundia_opposita","in",4,0,0
"427","Serengeti_Baskerville","hypoestes_forskaolii","in",4,0,0
"428","Serengeti_Baskerville","indigofera_basiflora","in",4,0,0
"429","Serengeti_Baskerville","ipomoea_obscura","in",4,0,0
"430","Serengeti_Baskerville","jasminum_spp.","in",4,0,0
"431","Serengeti_Baskerville","kalanchoe_spp.","in",4,0,0
"432","Serengeti_Baskerville","kedrostis_foetidissima","in",4,0,0
"433","Serengeti_Baskerville","emilia_ukambensis","in",4,0,0
"434","Serengeti_Baskerville","ocimum_spp.","in",4,0,0
"435","Serengeti_Baskerville","pappea_capensis","in",4,0,0
"436","Serengeti_Baskerville","pavonia_patens","in",4,0,0
"437","Serengeti_Baskerville","pupalia_lappacea","in",4,0,0
"438","Serengeti_Baskerville","sclerocarya_birrea","in",4,0,0
"439","Serengeti_Baskerville","senna_didymobotrya","in",4,0,0
"440","Serengeti_Baskerville","sansevieria_ehrenbergii","in",4,0,0
"441","Serengeti_Baskerville","sansevieria_suffruticosa","in",4,0,0
"442","Serengeti_Baskerville","solanum_dennekense","in",4,0,0
"443","Serengeti_Baskerville","tricholaena_teneriffae","in",4,0,0
"444","Serengeti_Baskerville","turraea_fischeri","in",4,0,0
"445","Serengeti_Baskerville","ximenia_caffra","in",4,0,0
"446","Serengeti_Baskerville","ziziphus_spp.","in",4,0,0
"447","Serengeti_Baskerville","Hippopotamus_amphibius","in",4,0,0
"448","Serengeti_Baskerville","panicum_repens","in",4,0,0
"449","Serengeti_Baskerville","andropogon_schirensis","in",4,0,0
"450","Serengeti_Baskerville","cymbopogon_caesius","in",4,0,0
"451","Serengeti_Baskerville","digitaria_ternata","in",4,0,0
"452","Serengeti_Baskerville","phragmites_mauritianus","in",4,0,0
"453","Serengeti_Baskerville","typha_capensis","in",4,0,0
"454","Serengeti_Baskerville","Loxodonta_africana","in",4,1.5944377800322,0.218776057477041
"455","Serengeti_Baskerville","blepharis_acanthodioides","in",4,0,0
"456","Serengeti_Baskerville","iboza_spp.","in",4,0,0
"457","Serengeti_Baskerville","rhoicissus_revoilii","in",4,0,0
"458","Serengeti_Baskerville","achyranthes_aspera","in",4,0,0
"459","Serengeti_Baskerville","boscia_augustifolia","in",4,0,0
"460","Serengeti_Baskerville","solanum_nigrum","in",4,0,0
"461","Serengeti_Baskerville","vachellia_xanthophloea","in",4,0,0
"462","Serengeti_Baskerville","crotalaria_spinosa","in",4,0,0
"463","Serengeti_Baskerville","digitaria_milanjiana","in",4,0,0
"464","Serengeti_Baskerville","echinochloa_haploclada","in",4,0,0
"465","Serengeti_Baskerville","euphorbia_candelabrum","in",4,0,0
"466","Serengeti_Baskerville","kigelia_africana","in",4,0,0
"467","Serengeti_Baskerville","panicum_deustum","in",4,0,0
"468","Serengeti_Baskerville","sorghum_versicolor","in",4,0,0
"469","Serengeti_Baskerville","chloris_pycnothrix","in",4,0,0
"470","Serengeti_Baskerville","eragrostis_exasperata","in",4,0,0
"471","Serengeti_Baskerville","cyperus_spp.","in",4,0,0
"472","Serengeti_Baskerville","diheteropogon_amplectens","in",4,0,0
"473","Serengeti_Baskerville","eragrostis_aspera","in",4,0,0
"474","Serengeti_Baskerville","eriochloa_fatmensis","in",4,0,0
"475","Serengeti_Baskerville","kyllinga_nervosa","in",4,0,0
"476","Serengeti_Baskerville","pellaea_calomelanos","in",4,0,0
"477","Serengeti_Baskerville","sporobolus_pellucidus","in",4,0,0
"478","Serengeti_Baskerville","sporobolus_stapfianus","in",4,0,0
"479","Serengeti_Baskerville","hyperthelia_dissoluta","in",4,0,0
"480","Serengeti_Baskerville","chloris_roxburghiana","in",4,0,0
"481","Serengeti_Baskerville","lonchocarpus_eriocalyx","in",4,0,0
"482","Serengeti_Baskerville","setaria_pallidefusca","in",4,0,0
"483","Serengeti_Baskerville","setaria_sphacelata","in",4,0,0
"484","Serengeti_Baskerville","Acinonyx_jubatus","out",2,0,0
"485","Serengeti_Baskerville","Aepyceros_melampus","out",2,0,0
"486","Serengeti_Baskerville","Connochaetes_taurinus","out",2,0,0
"487","Serengeti_Baskerville","Nanger_granti","out",2,0,0
"488","Serengeti_Baskerville","Eudorcas_thomsonii","out",2,0,0
"489","Serengeti_Baskerville","Madoqua_kirkii","out",2,0,0
"490","Serengeti_Baskerville","Ourebia_ourebi","out",2,0,0
"491","Serengeti_Baskerville","Phacochoerus_africanus","out",2,0,0
"492","Serengeti_Baskerville","Redunca_redunca","out",2,0,0
"493","Serengeti_Baskerville","Canis_aureus","out",2,0,0
"494","Serengeti_Baskerville","Equus_quagga","out",2,0,0
"495","Serengeti_Baskerville","Canis_mesomelas","out",2,0,0
"496","Serengeti_Baskerville","Caracal_caracal","out",2,0,0
"497","Serengeti_Baskerville","Pedetes_capensis","out",2,0,0
"498","Serengeti_Baskerville","Procavia_capensis","out",2,0.651653912233296,0.095514130425807
"499","Serengeti_Baskerville","Rhabdomys_pumilio","out",2,0,0
"500","Serengeti_Baskerville","Crocuta_crocuta","out",2,0,0
"501","Serengeti_Baskerville","Alcelaphus_buselaphus","out",2,0,0
"502","Serengeti_Baskerville","Damaliscus_korrigum","out",2,0,0
"503","Serengeti_Baskerville","Kobus_ellipsiprymnus","out",2,0,0
"504","Serengeti_Baskerville","Leptailurus_serval","out",2,0,0
"505","Serengeti_Baskerville","Lycaon_pictus","out",2,0,0
"506","Serengeti_Baskerville","Tragelaphus_scriptus","out",2,0,0
"507","Serengeti_Baskerville","Panthera_leo","out",2,0,0
"508","Serengeti_Baskerville","Giraffa_camelopardalis","out",2,0,0
"509","Serengeti_Baskerville","Syncerus_caffer","out",2,0,0
"510","Serengeti_Baskerville","Taurotragus_oryx","out",2,0,0
"511","Serengeti_Baskerville","Panthera_pardus","out",2,0,0
"512","Serengeti_Baskerville","Heterohyrax_brucei","out",2,0,0
"513","Serengeti_Baskerville","Papio_anubis","out",2,0,0
"514","Serengeti_Baskerville","acacia_senegal","out",2,0,0
"515","Serengeti_Baskerville","vachellia_tortilis","out",2,0,0
"516","Serengeti_Baskerville","andropogon_greenwayi","out",2,0,0
"517","Serengeti_Baskerville","aristida_spp.","out",2,0,0
"518","Serengeti_Baskerville","brachiaria_semiundulata","out",2,0,0
"519","Serengeti_Baskerville","chloris_gayana","out",2,0,0
"520","Serengeti_Baskerville","combretum_molle","out",2,0,0
"521","Serengeti_Baskerville","croton_macrostachyus","out",2,0,0
"522","Serengeti_Baskerville","cynodon_dactylon","out",2,0,0
"523","Serengeti_Baskerville","grewia_bicolor","out",2,0,0
"524","Serengeti_Baskerville","harpachne_schimperi","out",2,0.0806131728631425,0.0200410822686137
"525","Serengeti_Baskerville","hibiscus_spp.","out",2,0.0472023435329172,0.0267540305826659
"526","Serengeti_Baskerville","hyparrhenia_filipendula","out",2,0,0
"527","Serengeti_Baskerville","hyparrhenia_rufa","out",2,0.00625765937687861,0.00134418131278874
"528","Serengeti_Baskerville","indigofera_hochstetteri","out",2,0,0
"529","Serengeti_Baskerville","panicum_maximum","out",2,0,0
"530","Serengeti_Baskerville","pennisetum_mezianum","out",2,0,0
"531","Serengeti_Baskerville","sida_spp.","out",2,0,0
"532","Serengeti_Baskerville","solanum_incanum","out",2,0,0
"533","Serengeti_Baskerville","sporobolus_festivus","out",2,0,0
"534","Serengeti_Baskerville","sporobolus_ioclados","out",2,0,0
"535","Serengeti_Baskerville","sporobolus_pyramidalis","out",2,0,0
"536","Serengeti_Baskerville","themeda_triandra","out",2,0.0856631819530622,0.0126843105575708
"537","Serengeti_Baskerville","bothriochloa_insculpta","out",2,0,0
"538","Serengeti_Baskerville","digitaria_macroblephara","out",2,0,0
"539","Serengeti_Baskerville","digitaria_abyssinica","out",2,4.11833802616002e-08,1.3982697003978e-05
"540","Serengeti_Baskerville","dinebra_retroflexa","out",2,0.000260907604356486,0.000265517232620527
"541","Serengeti_Baskerville","eustachys_paspaloides","out",2,0.000119387768564572,0.000119756409882876
"542","Serengeti_Baskerville","heteropogon_contortus","out",2,0,0
"543","Serengeti_Baskerville","panicum_coloratum","out",2,0,0
"544","Serengeti_Baskerville","sporobolus_spicatus","out",2,0,0
"545","Serengeti_Baskerville","digitaria_diagonalis","out",2,0,0
"546","Serengeti_Baskerville","eragrostis_cilianensis","out",2,0,0
"547","Serengeti_Baskerville","eragrostis_tenuifolia","out",2,0,0
"548","Serengeti_Baskerville","microchloa_kunthii","out",2,0,0
"549","Serengeti_Baskerville","psilolemma_jaegeri","out",2,0,0
"550","Serengeti_Baskerville","balanites_aegyptiacus","out",2,0,0
"551","Serengeti_Baskerville","duosperma_kilimandscharicum","out",2,0,0
"552","Serengeti_Baskerville","pennisetum_stramineum","out",2,0,0
"553","Serengeti_Baskerville","sporobolus_fimbriatus","out",2,0,0
"554","Serengeti_Baskerville","acacia_robusta","out",2,0,0
"555","Serengeti_Baskerville","vachellia_seyal","out",2,0,0
"556","Serengeti_Baskerville","commiphora_trothae","out",2,0,0
"557","Serengeti_Baskerville","cordia_ovalis","out",2,0,0
"558","Serengeti_Baskerville","grewia_arborea","out",2,0,0
"559","Serengeti_Baskerville","grewia_trichocarpa","out",2,0,0
"560","Serengeti_Baskerville","hibiscus_lunariifolius","out",2,0,0
"561","Serengeti_Baskerville","maerua_cafra","out",2,0,0
"562","Serengeti_Baskerville","olea_spp.","out",2,0,0
"563","Serengeti_Baskerville","pavetta_assimilis","out",2,0,0
"564","Serengeti_Baskerville","phyllanthus_sepialis","out",2,0,0
"565","Serengeti_Baskerville","abutilon_spp.","out",2,0,0
"566","Serengeti_Baskerville","acalypha_fruticosa","out",2,0,0
"567","Serengeti_Baskerville","albizia_harveyi","out",2,0,0
"568","Serengeti_Baskerville","albuca_spp.","out",2,0,0
"569","Serengeti_Baskerville","allophylus_rubifolius","out",2,0,0
"570","Serengeti_Baskerville","aloe_macrosiphon","out",2,0,0
"571","Serengeti_Baskerville","aloe_secundiflora","out",2,0,0
"572","Serengeti_Baskerville","capparis_tomentosa","out",2,0,0
"573","Serengeti_Baskerville","cenchrus_ciliaris","out",2,0,0
"574","Serengeti_Baskerville","cissus_quadrangularis","out",2,0,0
"575","Serengeti_Baskerville","cissus_rotundifolia","out",2,0,0
"576","Serengeti_Baskerville","commelina_africana","out",2,0,0
"577","Serengeti_Baskerville","commiphora_merkeri","out",2,0,0
"578","Serengeti_Baskerville","commiphora_schimperi","out",2,0,0
"579","Serengeti_Baskerville","croton_dichogamus","out",2,0,0
"580","Serengeti_Baskerville","cyphostemma_spp.","out",2,0,0
"581","Serengeti_Baskerville","digitaria_velutina","out",2,0,0
"582","Serengeti_Baskerville","emilia_coccinea","out",2,0,0
"583","Serengeti_Baskerville","ficus_glumosa","out",2,0,0
"584","Serengeti_Baskerville","ficus_ingens","out",2,0,0
"585","Serengeti_Baskerville","ficus_thonningii","out",2,0,0
"586","Serengeti_Baskerville","heliotropium_steudneri","out",2,0,0
"587","Serengeti_Baskerville","hoslundia_opposita","out",2,0,0
"588","Serengeti_Baskerville","hypoestes_forskaolii","out",2,0,0
"589","Serengeti_Baskerville","indigofera_basiflora","out",2,0,0
"590","Serengeti_Baskerville","ipomoea_obscura","out",2,0,0
"591","Serengeti_Baskerville","jasminum_spp.","out",2,0,0
"592","Serengeti_Baskerville","kalanchoe_spp.","out",2,0,0
"593","Serengeti_Baskerville","kedrostis_foetidissima","out",2,0,0
"594","Serengeti_Baskerville","emilia_ukambensis","out",2,0,0
"595","Serengeti_Baskerville","ocimum_spp.","out",2,0,0
"596","Serengeti_Baskerville","pappea_capensis","out",2,0,0
"597","Serengeti_Baskerville","pavonia_patens","out",2,0,0
"598","Serengeti_Baskerville","pupalia_lappacea","out",2,0,0
"599","Serengeti_Baskerville","sclerocarya_birrea","out",2,0,0
"600","Serengeti_Baskerville","senna_didymobotrya","out",2,0,0
"601","Serengeti_Baskerville","sansevieria_ehrenbergii","out",2,0,0
"602","Serengeti_Baskerville","sansevieria_suffruticosa","out",2,0,0
"603","Serengeti_Baskerville","solanum_dennekense","out",2,0,0
"604","Serengeti_Baskerville","tricholaena_teneriffae","out",2,0,0
"605","Serengeti_Baskerville","turraea_fischeri","out",2,0,0
"606","Serengeti_Baskerville","ximenia_caffra","out",2,0,0
"607","Serengeti_Baskerville","ziziphus_spp.","out",2,0,0
"608","Serengeti_Baskerville","Hippopotamus_amphibius","out",2,0,0
"609","Serengeti_Baskerville","panicum_repens","out",2,0,0
"610","Serengeti_Baskerville","andropogon_schirensis","out",2,0,0
"611","Serengeti_Baskerville","cymbopogon_caesius","out",2,0,0
"612","Serengeti_Baskerville","digitaria_ternata","out",2,0,0
"613","Serengeti_Baskerville","phragmites_mauritianus","out",2,0,0
"614","Serengeti_Baskerville","typha_capensis","out",2,0,0
"615","Serengeti_Baskerville","Loxodonta_africana","out",2,0.283868774027737,0.0391185481820188
"616","Serengeti_Baskerville","blepharis_acanthodioides","out",2,0,0
"617","Serengeti_Baskerville","iboza_spp.","out",2,0,0
"618","Serengeti_Baskerville","rhoicissus_revoilii","out",2,0,0
"619","Serengeti_Baskerville","achyranthes_aspera","out",2,0,0
"620","Serengeti_Baskerville","boscia_augustifolia","out",2,0,0
"621","Serengeti_Baskerville","solanum_nigrum","out",2,0,0
"622","Serengeti_Baskerville","vachellia_xanthophloea","out",2,0,0
"623","Serengeti_Baskerville","crotalaria_spinosa","out",2,0,0
"624","Serengeti_Baskerville","digitaria_milanjiana","out",2,0,0
"625","Serengeti_Baskerville","echinochloa_haploclada","out",2,0,0
"626","Serengeti_Baskerville","euphorbia_candelabrum","out",2,0,0
"627","Serengeti_Baskerville","kigelia_africana","out",2,0,0
"628","Serengeti_Baskerville","panicum_deustum","out",2,0,0
"629","Serengeti_Baskerville","sorghum_versicolor","out",2,0,0
"630","Serengeti_Baskerville","chloris_pycnothrix","out",2,0,0
"631","Serengeti_Baskerville","eragrostis_exasperata","out",2,0,0
"632","Serengeti_Baskerville","cyperus_spp.","out",2,0,0
"633","Serengeti_Baskerville","diheteropogon_amplectens","out",2,0,0
"634","Serengeti_Baskerville","eragrostis_aspera","out",2,0,0
"635","Serengeti_Baskerville","eriochloa_fatmensis","out",2,0,0
"636","Serengeti_Baskerville","kyllinga_nervosa","out",2,0,0
"637","Serengeti_Baskerville","pellaea_calomelanos","out",2,0,0
"638","Serengeti_Baskerville","sporobolus_pellucidus","out",2,0,0
"639","Serengeti_Baskerville","sporobolus_stapfianus","out",2,0,0
"640","Serengeti_Baskerville","hyperthelia_dissoluta","out",2,0,0
"641","Serengeti_Baskerville","chloris_roxburghiana","out",2,0,0
"642","Serengeti_Baskerville","lonchocarpus_eriocalyx","out",2,0,0
"643","Serengeti_Baskerville","setaria_pallidefusca","out",2,0,0
"644","Serengeti_Baskerville","setaria_sphacelata","out",2,0,0
"645","Serengeti_Baskerville","Acinonyx_jubatus","out",3,0,0
"646","Serengeti_Baskerville","Aepyceros_melampus","out",3,0.0732780558151418,0.00730205053993736
"647","Serengeti_Baskerville","Connochaetes_taurinus","out",3,-4.44089209850063e-16,-2.77555756156289e-17
"648","Serengeti_Baskerville","Nanger_granti","out",3,0.000692260689304502,7.500218709873e-05
"649","Serengeti_Baskerville","Eudorcas_thomsonii","out",3,0.0258225072650093,0.00252845068475996
"650","Serengeti_Baskerville","Madoqua_kirkii","out",3,0.00701775933534399,0.000744634201524083
"651","Serengeti_Baskerville","Ourebia_ourebi","out",3,0,0
"652","Serengeti_Baskerville","Phacochoerus_africanus","out",3,0,0
"653","Serengeti_Baskerville","Redunca_redunca","out",3,0,0
"654","Serengeti_Baskerville","Canis_aureus","out",3,0,0
"655","Serengeti_Baskerville","Equus_quagga","out",3,0,0
"656","Serengeti_Baskerville","Canis_mesomelas","out",3,0,0
"657","Serengeti_Baskerville","Caracal_caracal","out",3,0,0
"658","Serengeti_Baskerville","Pedetes_capensis","out",3,0,0
"659","Serengeti_Baskerville","Procavia_capensis","out",3,0.375390042496983,0.0248771275703335
"660","Serengeti_Baskerville","Rhabdomys_pumilio","out",3,0,0
"661","Serengeti_Baskerville","Crocuta_crocuta","out",3,0,0
"662","Serengeti_Baskerville","Alcelaphus_buselaphus","out",3,0,0
"663","Serengeti_Baskerville","Damaliscus_korrigum","out",3,0,0
"664","Serengeti_Baskerville","Kobus_ellipsiprymnus","out",3,0,0
"665","Serengeti_Baskerville","Leptailurus_serval","out",3,0,0
"666","Serengeti_Baskerville","Lycaon_pictus","out",3,0,0
"667","Serengeti_Baskerville","Tragelaphus_scriptus","out",3,0,0
"668","Serengeti_Baskerville","Panthera_leo","out",3,0,0
"669","Serengeti_Baskerville","Giraffa_camelopardalis","out",3,0,0
"670","Serengeti_Baskerville","Syncerus_caffer","out",3,0,0
"671","Serengeti_Baskerville","Taurotragus_oryx","out",3,0,0
"672","Serengeti_Baskerville","Panthera_pardus","out",3,0,0
"673","Serengeti_Baskerville","Heterohyrax_brucei","out",3,0,0
"674","Serengeti_Baskerville","Papio_anubis","out",3,0,0
"675","Serengeti_Baskerville","acacia_senegal","out",3,0,0
"676","Serengeti_Baskerville","vachellia_tortilis","out",3,0,0
"677","Serengeti_Baskerville","andropogon_greenwayi","out",3,0,0
"678","Serengeti_Baskerville","aristida_spp.","out",3,0,0
"679","Serengeti_Baskerville","brachiaria_semiundulata","out",3,0,0
"680","Serengeti_Baskerville","chloris_gayana","out",3,0,0
"681","Serengeti_Baskerville","combretum_molle","out",3,0,0
"682","Serengeti_Baskerville","croton_macrostachyus","out",3,0,0
"683","Serengeti_Baskerville","cynodon_dactylon","out",3,0,0
"684","Serengeti_Baskerville","grewia_bicolor","out",3,0,0
"685","Serengeti_Baskerville","harpachne_schimperi","out",3,0.0563842867435562,0.00564848989825706
"686","Serengeti_Baskerville","hibiscus_spp.","out",3,0.0521024505199517,0.00754050452257858
"687","Serengeti_Baskerville","hyparrhenia_filipendula","out",3,0,0
"688","Serengeti_Baskerville","hyparrhenia_rufa","out",3,0.00422012019484064,0.000378851524331314
"689","Serengeti_Baskerville","indigofera_hochstetteri","out",3,0,0
"690","Serengeti_Baskerville","panicum_maximum","out",3,0,0
"691","Serengeti_Baskerville","pennisetum_mezianum","out",3,0,0
"692","Serengeti_Baskerville","sida_spp.","out",3,0,0
"693","Serengeti_Baskerville","solanum_incanum","out",3,0,0
"694","Serengeti_Baskerville","sporobolus_festivus","out",3,0,0
"695","Serengeti_Baskerville","sporobolus_ioclados","out",3,0,0
"696","Serengeti_Baskerville","sporobolus_pyramidalis","out",3,0,0
"697","Serengeti_Baskerville","themeda_triandra","out",3,0.0464988725085558,0.0035750165131052
"698","Serengeti_Baskerville","bothriochloa_insculpta","out",3,0,0
"699","Serengeti_Baskerville","digitaria_macroblephara","out",3,0,0
"700","Serengeti_Baskerville","digitaria_abyssinica","out",3,8.77473055016509e-06,3.94096095805707e-06
"701","Serengeti_Baskerville","dinebra_retroflexa","out",3,0.000394161087546641,7.48348510409419e-05
"702","Serengeti_Baskerville","eustachys_paspaloides","out",3,0.000176305142449262,3.37528114704028e-05
"703","Serengeti_Baskerville","heteropogon_contortus","out",3,0,0
"704","Serengeti_Baskerville","panicum_coloratum","out",3,0,0
"705","Serengeti_Baskerville","sporobolus_spicatus","out",3,0,0
"706","Serengeti_Baskerville","digitaria_diagonalis","out",3,0,0
"707","Serengeti_Baskerville","eragrostis_cilianensis","out",3,0,0
"708","Serengeti_Baskerville","eragrostis_tenuifolia","out",3,0,0
"709","Serengeti_Baskerville","microchloa_kunthii","out",3,0,0
"710","Serengeti_Baskerville","psilolemma_jaegeri","out",3,0,0
"711","Serengeti_Baskerville","balanites_aegyptiacus","out",3,0,0
"712","Serengeti_Baskerville","duosperma_kilimandscharicum","out",3,0,0
"713","Serengeti_Baskerville","pennisetum_stramineum","out",3,0,0
"714","Serengeti_Baskerville","sporobolus_fimbriatus","out",3,0,0
"715","Serengeti_Baskerville","acacia_robusta","out",3,0,0
"716","Serengeti_Baskerville","vachellia_seyal","out",3,0,0
"717","Serengeti_Baskerville","commiphora_trothae","out",3,0,0
"718","Serengeti_Baskerville","cordia_ovalis","out",3,0,0
"719","Serengeti_Baskerville","grewia_arborea","out",3,0,0
"720","Serengeti_Baskerville","grewia_trichocarpa","out",3,0,0
"721","Serengeti_Baskerville","hibiscus_lunariifolius","out",3,0,0
"722","Serengeti_Baskerville","maerua_cafra","out",3,0,0
"723","Serengeti_Baskerville","olea_spp.","out",3,0,0
"724","Serengeti_Baskerville","pavetta_assimilis","out",3,0,0
"725","Serengeti_Baskerville","phyllanthus_sepialis","out",3,0,0
"726","Serengeti_Baskerville","abutilon_spp.","out",3,0,0
"727","Serengeti_Baskerville","acalypha_fruticosa","out",3,0,0
"728","Serengeti_Baskerville","albizia_harveyi","out",3,0,0
"729","Serengeti_Baskerville","albuca_spp.","out",3,0,0
"730","Serengeti_Baskerville","allophylus_rubifolius","out",3,0,0
"731","Serengeti_Baskerville","aloe_macrosiphon","out",3,0,0
"732","Serengeti_Baskerville","aloe_secundiflora","out",3,0,0
"733","Serengeti_Baskerville","capparis_tomentosa","out",3,0,0
"734","Serengeti_Baskerville","cenchrus_ciliaris","out",3,0,0
"735","Serengeti_Baskerville","cissus_quadrangularis","out",3,0,0
"736","Serengeti_Baskerville","cissus_rotundifolia","out",3,0,0
"737","Serengeti_Baskerville","commelina_africana","out",3,0,0
"738","Serengeti_Baskerville","commiphora_merkeri","out",3,0,0
"739","Serengeti_Baskerville","commiphora_schimperi","out",3,0,0
"740","Serengeti_Baskerville","croton_dichogamus","out",3,0,0
"741","Serengeti_Baskerville","cyphostemma_spp.","out",3,0,0
"742","Serengeti_Baskerville","digitaria_velutina","out",3,0,0
"743","Serengeti_Baskerville","emilia_coccinea","out",3,0,0
"744","Serengeti_Baskerville","ficus_glumosa","out",3,0,0
"745","Serengeti_Baskerville","ficus_ingens","out",3,0,0
"746","Serengeti_Baskerville","ficus_thonningii","out",3,0,0
"747","Serengeti_Baskerville","heliotropium_steudneri","out",3,0,0
"748","Serengeti_Baskerville","hoslundia_opposita","out",3,0,0
"749","Serengeti_Baskerville","hypoestes_forskaolii","out",3,0,0
"750","Serengeti_Baskerville","indigofera_basiflora","out",3,0,0
"751","Serengeti_Baskerville","ipomoea_obscura","out",3,0,0
"752","Serengeti_Baskerville","jasminum_spp.","out",3,0,0
"753","Serengeti_Baskerville","kalanchoe_spp.","out",3,0,0
"754","Serengeti_Baskerville","kedrostis_foetidissima","out",3,0,0
"755","Serengeti_Baskerville","emilia_ukambensis","out",3,0,0
"756","Serengeti_Baskerville","ocimum_spp.","out",3,0,0
"757","Serengeti_Baskerville","pappea_capensis","out",3,0,0
"758","Serengeti_Baskerville","pavonia_patens","out",3,0,0
"759","Serengeti_Baskerville","pupalia_lappacea","out",3,0,0
"760","Serengeti_Baskerville","sclerocarya_birrea","out",3,0,0
"761","Serengeti_Baskerville","senna_didymobotrya","out",3,0,0
"762","Serengeti_Baskerville","sansevieria_ehrenbergii","out",3,0,0
"763","Serengeti_Baskerville","sansevieria_suffruticosa","out",3,0,0
"764","Serengeti_Baskerville","solanum_dennekense","out",3,0,0
"765","Serengeti_Baskerville","tricholaena_teneriffae","out",3,0,0
"766","Serengeti_Baskerville","turraea_fischeri","out",3,0,0
"767","Serengeti_Baskerville","ximenia_caffra","out",3,0,0
"768","Serengeti_Baskerville","ziziphus_spp.","out",3,0,0
"769","Serengeti_Baskerville","Hippopotamus_amphibius","out",3,0.000154336076765516,5.99213060346465e-05
"770","Serengeti_Baskerville","panicum_repens","out",3,0,0
"771","Serengeti_Baskerville","andropogon_schirensis","out",3,0,0
"772","Serengeti_Baskerville","cymbopogon_caesius","out",3,0,0
"773","Serengeti_Baskerville","digitaria_ternata","out",3,0,0
"774","Serengeti_Baskerville","phragmites_mauritianus","out",3,0,0
"775","Serengeti_Baskerville","typha_capensis","out",3,0,0
"776","Serengeti_Baskerville","Loxodonta_africana","out",3,0.180290574311523,0.0123096872152086
"777","Serengeti_Baskerville","blepharis_acanthodioides","out",3,0,0
"778","Serengeti_Baskerville","iboza_spp.","out",3,0,0
"779","Serengeti_Baskerville","rhoicissus_revoilii","out",3,0,0
"780","Serengeti_Baskerville","achyranthes_aspera","out",3,0,0
"781","Serengeti_Baskerville","boscia_augustifolia","out",3,0,0
"782","Serengeti_Baskerville","solanum_nigrum","out",3,0,0
"783","Serengeti_Baskerville","vachellia_xanthophloea","out",3,0,0
"784","Serengeti_Baskerville","crotalaria_spinosa","out",3,0,0
"785","Serengeti_Baskerville","digitaria_milanjiana","out",3,0,0
"786","Serengeti_Baskerville","echinochloa_haploclada","out",3,0,0
"787","Serengeti_Baskerville","euphorbia_candelabrum","out",3,0,0
"788","Serengeti_Baskerville","kigelia_africana","out",3,0,0
"789","Serengeti_Baskerville","panicum_deustum","out",3,0,0
"790","Serengeti_Baskerville","sorghum_versicolor","out",3,0,0
"791","Serengeti_Baskerville","chloris_pycnothrix","out",3,0,0
"792","Serengeti_Baskerville","eragrostis_exasperata","out",3,0,0
"793","Serengeti_Baskerville","cyperus_spp.","out",3,0,0
"794","Serengeti_Baskerville","diheteropogon_amplectens","out",3,0,0
"795","Serengeti_Baskerville","eragrostis_aspera","out",3,0,0
"796","Serengeti_Baskerville","eriochloa_fatmensis","out",3,0,0
"797","Serengeti_Baskerville","kyllinga_nervosa","out",3,0,0
"798","Serengeti_Baskerville","pellaea_calomelanos","out",3,0,0
"799","Serengeti_Baskerville","sporobolus_pellucidus","out",3,0,0
"800","Serengeti_Baskerville","sporobolus_stapfianus","out",3,0,0
"801","Serengeti_Baskerville","hyperthelia_dissoluta","out",3,0,0
"802","Serengeti_Baskerville","chloris_roxburghiana","out",3,0,0
"803","Serengeti_Baskerville","lonchocarpus_eriocalyx","out",3,0,0
"804","Serengeti_Baskerville","setaria_pallidefusca","out",3,0,0
"805","Serengeti_Baskerville","setaria_sphacelata","out",3,0,0
"806","Serengeti_Baskerville","Acinonyx_jubatus","out",4,0,0
"807","Serengeti_Baskerville","Aepyceros_melampus","out",4,0.0338525668446759,0.00259421987733176
"808","Serengeti_Baskerville","Connochaetes_taurinus","out",4,3.33066907387547e-16,2.08166817117217e-17
"809","Serengeti_Baskerville","Nanger_granti","out",4,0.000322435380435526,2.66462363620254e-05
"810","Serengeti_Baskerville","Eudorcas_thomsonii","out",4,0.0119012422491438,0.000898289732367913
"811","Serengeti_Baskerville","Madoqua_kirkii","out",4,0.00326172042222983,0.000264548271251948
"812","Serengeti_Baskerville","Ourebia_ourebi","out",4,0,0
"813","Serengeti_Baskerville","Phacochoerus_africanus","out",4,0,0
"814","Serengeti_Baskerville","Redunca_redunca","out",4,0,0
"815","Serengeti_Baskerville","Canis_aureus","out",4,0,0
"816","Serengeti_Baskerville","Equus_quagga","out",4,0,0
"817","Serengeti_Baskerville","Canis_mesomelas","out",4,0,0
"818","Serengeti_Baskerville","Caracal_caracal","out",4,0,0
"819","Serengeti_Baskerville","Pedetes_capensis","out",4,0,0
"820","Serengeti_Baskerville","Procavia_capensis","out",4,0.170620291793245,0.00883816655073873
"821","Serengeti_Baskerville","Rhabdomys_pumilio","out",4,0,0
"822","Serengeti_Baskerville","Crocuta_crocuta","out",4,0,0
"823","Serengeti_Baskerville","Alcelaphus_buselaphus","out",4,0,0
"824","Serengeti_Baskerville","Damaliscus_korrigum","out",4,0,0
"825","Serengeti_Baskerville","Kobus_ellipsiprymnus","out",4,0,0
"826","Serengeti_Baskerville","Leptailurus_serval","out",4,0,0
"827","Serengeti_Baskerville","Lycaon_pictus","out",4,0,0
"828","Serengeti_Baskerville","Tragelaphus_scriptus","out",4,0,0
"829","Serengeti_Baskerville","Panthera_leo","out",4,0,0
"830","Serengeti_Baskerville","Giraffa_camelopardalis","out",4,0,0
"831","Serengeti_Baskerville","Syncerus_caffer","out",4,0,0
"832","Serengeti_Baskerville","Taurotragus_oryx","out",4,0,0
"833","Serengeti_Baskerville","Panthera_pardus","out",4,0,0
"834","Serengeti_Baskerville","Heterohyrax_brucei","out",4,0,0
"835","Serengeti_Baskerville","Papio_anubis","out",4,0,0
"836","Serengeti_Baskerville","acacia_senegal","out",4,0.038634536894283,0.00209552952264677
"837","Serengeti_Baskerville","vachellia_tortilis","out",4,0,0
"838","Serengeti_Baskerville","andropogon_greenwayi","out",4,0,0
"839","Serengeti_Baskerville","aristida_spp.","out",4,0.00275366742943983,0.000325541895274832
"840","Serengeti_Baskerville","brachiaria_semiundulata","out",4,0,0
"841","Serengeti_Baskerville","chloris_gayana","out",4,0.000110014487662013,2.06440588212328e-05
"842","Serengeti_Baskerville","combretum_molle","out",4,0,0
"843","Serengeti_Baskerville","croton_macrostachyus","out",4,0,0
"844","Serengeti_Baskerville","cynodon_dactylon","out",4,0.00813620960564854,0.000404464450902392
"845","Serengeti_Baskerville","grewia_bicolor","out",4,0,0
"846","Serengeti_Baskerville","harpachne_schimperi","out",4,0.0161962289929519,0.00118758981324962
"847","Serengeti_Baskerville","hibiscus_spp.","out",4,0.0488625486598283,0.00360723279923379
"848","Serengeti_Baskerville","hyparrhenia_filipendula","out",4,0.000630753075950286,4.81824709948064e-05
"849","Serengeti_Baskerville","hyparrhenia_rufa","out",4,0.0021347824285729,0.000221982700370507
"850","Serengeti_Baskerville","indigofera_hochstetteri","out",4,0,0
"851","Serengeti_Baskerville","panicum_maximum","out",4,0,0
"852","Serengeti_Baskerville","pennisetum_mezianum","out",4,0.000667507289465852,5.66393376153912e-05
"853","Serengeti_Baskerville","sida_spp.","out",4,0.000967753397907445,0.000126970936970186
"854","Serengeti_Baskerville","solanum_incanum","out",4,0.00647841530735549,0.000539104780091844
"855","Serengeti_Baskerville","sporobolus_festivus","out",4,0.000381109752536135,5.67947045927164e-05
"856","Serengeti_Baskerville","sporobolus_ioclados","out",4,0.00479481355212097,0.000293423271841828
"857","Serengeti_Baskerville","sporobolus_pyramidalis","out",4,0,0
"858","Serengeti_Baskerville","themeda_triandra","out",4,0.0174835126034413,0.00114453784617836
"859","Serengeti_Baskerville","bothriochloa_insculpta","out",4,0.024787885831549,0.00133070869916831
"860","Serengeti_Baskerville","digitaria_macroblephara","out",4,0,0
"861","Serengeti_Baskerville","digitaria_abyssinica","out",4,2.27164888955134e-05,3.61384675963417e-06
"862","Serengeti_Baskerville","dinebra_retroflexa","out",4,4.99062994492316e-05,5.87329966652422e-06
"863","Serengeti_Baskerville","eustachys_paspaloides","out",4,0.00584654761053194,0.000309254798288229
"864","Serengeti_Baskerville","heteropogon_contortus","out",4,0.00638027045087208,0.000582057123206123
"865","Serengeti_Baskerville","panicum_coloratum","out",4,0,0
"866","Serengeti_Baskerville","sporobolus_spicatus","out",4,0,0
"867","Serengeti_Baskerville","digitaria_diagonalis","out",4,9.96429775024232e-06,2.18611642256727e-06
"868","Serengeti_Baskerville","eragrostis_cilianensis","out",4,0,0
"869","Serengeti_Baskerville","eragrostis_tenuifolia","out",4,0,0
"870","Serengeti_Baskerville","microchloa_kunthii","out",4,0,0
"871","Serengeti_Baskerville","psilolemma_jaegeri","out",4,0,0
"872","Serengeti_Baskerville","balanites_aegyptiacus","out",4,0,0
"873","Serengeti_Baskerville","duosperma_kilimandscharicum","out",4,0,0
"874","Serengeti_Baskerville","pennisetum_stramineum","out",4,0,0
"875","Serengeti_Baskerville","sporobolus_fimbriatus","out",4,0,0
"876","Serengeti_Baskerville","acacia_robusta","out",4,0,0
"877","Serengeti_Baskerville","vachellia_seyal","out",4,0.00091035098175285,2.24900938109035e-05
"878","Serengeti_Baskerville","commiphora_trothae","out",4,0.000573231989930312,6.89107038650688e-05
"879","Serengeti_Baskerville","cordia_ovalis","out",4,0,0
"880","Serengeti_Baskerville","grewia_arborea","out",4,0,0
"881","Serengeti_Baskerville","grewia_trichocarpa","out",4,0,0
"882","Serengeti_Baskerville","hibiscus_lunariifolius","out",4,0,0
"883","Serengeti_Baskerville","maerua_cafra","out",4,0,0
"884","Serengeti_Baskerville","olea_spp.","out",4,0.000532798184505912,3.15504275733153e-05
"885","Serengeti_Baskerville","pavetta_assimilis","out",4,0,0
"886","Serengeti_Baskerville","phyllanthus_sepialis","out",4,0,0
"887","Serengeti_Baskerville","abutilon_spp.","out",4,0,0
"888","Serengeti_Baskerville","acalypha_fruticosa","out",4,0,0
"889","Serengeti_Baskerville","albizia_harveyi","out",4,0,0
"890","Serengeti_Baskerville","albuca_spp.","out",4,0,0
"891","Serengeti_Baskerville","allophylus_rubifolius","out",4,0,0
"892","Serengeti_Baskerville","aloe_macrosiphon","out",4,0,0
"893","Serengeti_Baskerville","aloe_secundiflora","out",4,0,0
"894","Serengeti_Baskerville","capparis_tomentosa","out",4,0,0
"895","Serengeti_Baskerville","cenchrus_ciliaris","out",4,0,0
"896","Serengeti_Baskerville","cissus_quadrangularis","out",4,0,0
"897","Serengeti_Baskerville","cissus_rotundifolia","out",4,0,0
"898","Serengeti_Baskerville","commelina_africana","out",4,0,0
"899","Serengeti_Baskerville","commiphora_merkeri","out",4,0,0
"900","Serengeti_Baskerville","commiphora_schimperi","out",4,0,0
"901","Serengeti_Baskerville","croton_dichogamus","out",4,0,0
"902","Serengeti_Baskerville","cyphostemma_spp.","out",4,0,0
"903","Serengeti_Baskerville","digitaria_velutina","out",4,0,0
"904","Serengeti_Baskerville","emilia_coccinea","out",4,0,0
"905","Serengeti_Baskerville","ficus_glumosa","out",4,0,0
"906","Serengeti_Baskerville","ficus_ingens","out",4,0,0
"907","Serengeti_Baskerville","ficus_thonningii","out",4,0,0
"908","Serengeti_Baskerville","heliotropium_steudneri","out",4,0,0
"909","Serengeti_Baskerville","hoslundia_opposita","out",4,0,0
"910","Serengeti_Baskerville","hypoestes_forskaolii","out",4,0,0
"911","Serengeti_Baskerville","indigofera_basiflora","out",4,6.38873687290875e-05,1.26716071521676e-05
"912","Serengeti_Baskerville","ipomoea_obscura","out",4,0,0
"913","Serengeti_Baskerville","jasminum_spp.","out",4,0,0
"914","Serengeti_Baskerville","kalanchoe_spp.","out",4,5.37606224378928e-05,9.46444072289637e-06
"915","Serengeti_Baskerville","kedrostis_foetidissima","out",4,0,0
"916","Serengeti_Baskerville","emilia_ukambensis","out",4,0,0
"917","Serengeti_Baskerville","ocimum_spp.","out",4,0,0
"918","Serengeti_Baskerville","pappea_capensis","out",4,0,0
"919","Serengeti_Baskerville","pavonia_patens","out",4,0,0
"920","Serengeti_Baskerville","pupalia_lappacea","out",4,0,0
"921","Serengeti_Baskerville","sclerocarya_birrea","out",4,0,0
"922","Serengeti_Baskerville","senna_didymobotrya","out",4,0,0
"923","Serengeti_Baskerville","sansevieria_ehrenbergii","out",4,0,0
"924","Serengeti_Baskerville","sansevieria_suffruticosa","out",4,0,0
"925","Serengeti_Baskerville","solanum_dennekense","out",4,0,0
"926","Serengeti_Baskerville","tricholaena_teneriffae","out",4,0,0
"927","Serengeti_Baskerville","turraea_fischeri","out",4,0,0
"928","Serengeti_Baskerville","ximenia_caffra","out",4,0,0
"929","Serengeti_Baskerville","ziziphus_spp.","out",4,0,0
"930","Serengeti_Baskerville","Hippopotamus_amphibius","out",4,1.64133293958368e-05,2.1288409651557e-05
"931","Serengeti_Baskerville","panicum_repens","out",4,0,0
"932","Serengeti_Baskerville","andropogon_schirensis","out",4,0,0
"933","Serengeti_Baskerville","cymbopogon_caesius","out",4,0,0
"934","Serengeti_Baskerville","digitaria_ternata","out",4,6.94021474033635e-05,6.79783350514274e-06
"935","Serengeti_Baskerville","phragmites_mauritianus","out",4,0,0
"936","Serengeti_Baskerville","typha_capensis","out",4,0,0
"937","Serengeti_Baskerville","Loxodonta_africana","out",4,0.081673401553755,0.00437329693663082
"938","Serengeti_Baskerville","blepharis_acanthodioides","out",4,0,0
"939","Serengeti_Baskerville","iboza_spp.","out",4,0,0
"940","Serengeti_Baskerville","rhoicissus_revoilii","out",4,0,0
"941","Serengeti_Baskerville","achyranthes_aspera","out",4,0,0
"942","Serengeti_Baskerville","boscia_augustifolia","out",4,0,0
"943","Serengeti_Baskerville","solanum_nigrum","out",4,0,0
"944","Serengeti_Baskerville","vachellia_xanthophloea","out",4,0,0
"945","Serengeti_Baskerville","crotalaria_spinosa","out",4,0,0
"946","Serengeti_Baskerville","digitaria_milanjiana","out",4,0,0
"947","Serengeti_Baskerville","echinochloa_haploclada","out",4,0,0
"948","Serengeti_Baskerville","euphorbia_candelabrum","out",4,0,0
"949","Serengeti_Baskerville","kigelia_africana","out",4,0,0
"950","Serengeti_Baskerville","panicum_deustum","out",4,0,0
"951","Serengeti_Baskerville","sorghum_versicolor","out",4,0,0
"952","Serengeti_Baskerville","chloris_pycnothrix","out",4,5.97836404019336e-05,3.72095608758283e-06
"953","Serengeti_Baskerville","eragrostis_exasperata","out",4,0,0
"954","Serengeti_Baskerville","cyperus_spp.","out",4,0,0
"955","Serengeti_Baskerville","diheteropogon_amplectens","out",4,0,0
"956","Serengeti_Baskerville","eragrostis_aspera","out",4,0,0
"957","Serengeti_Baskerville","eriochloa_fatmensis","out",4,0,0
"958","Serengeti_Baskerville","kyllinga_nervosa","out",4,0,0
"959","Serengeti_Baskerville","pellaea_calomelanos","out",4,0,0
"960","Serengeti_Baskerville","sporobolus_pellucidus","out",4,0,0
"961","Serengeti_Baskerville","sporobolus_stapfianus","out",4,0,0
"962","Serengeti_Baskerville","hyperthelia_dissoluta","out",4,4.58096253763696e-06,6.3396947626998e-07
"963","Serengeti_Baskerville","chloris_roxburghiana","out",4,0.00249623503424135,0.000238577487413995
"964","Serengeti_Baskerville","lonchocarpus_eriocalyx","out",4,0,0
"965","Serengeti_Baskerville","setaria_pallidefusca","out",4,0,0
"966","Serengeti_Baskerville","setaria_sphacelata","out",4,0,0
"967","Serengeti_Baskerville","Acinonyx_jubatus","all",2,0,0
"968","Serengeti_Baskerville","Aepyceros_melampus","all",2,0,0
"969","Serengeti_Baskerville","Connochaetes_taurinus","all",2,0.0241808846518912,0.00058103293043707
"970","Serengeti_Baskerville","Nanger_granti","all",2,0.00400891766203371,0.000411219765322185
"971","Serengeti_Baskerville","Eudorcas_thomsonii","all",2,0,0
"972","Serengeti_Baskerville","Madoqua_kirkii","all",2,0,0
"973","Serengeti_Baskerville","Ourebia_ourebi","all",2,0,0
"974","Serengeti_Baskerville","Phacochoerus_africanus","all",2,0,0
"975","Serengeti_Baskerville","Redunca_redunca","all",2,0,0
"976","Serengeti_Baskerville","Canis_aureus","all",2,1.77635683940025e-15,2.22044604925031e-16
"977","Serengeti_Baskerville","Equus_quagga","all",2,0,0
"978","Serengeti_Baskerville","Canis_mesomelas","all",2,0,0
"979","Serengeti_Baskerville","Caracal_caracal","all",2,0,0
"980","Serengeti_Baskerville","Pedetes_capensis","all",2,0,0
"981","Serengeti_Baskerville","Procavia_capensis","all",2,0.177073742994798,0.0158531275052212
"982","Serengeti_Baskerville","Rhabdomys_pumilio","all",2,0,0
"983","Serengeti_Baskerville","Crocuta_crocuta","all",2,0,0
"984","Serengeti_Baskerville","Alcelaphus_buselaphus","all",2,0.00278488511102726,0.000645380359593106
"985","Serengeti_Baskerville","Damaliscus_korrigum","all",2,0,0
"986","Serengeti_Baskerville","Kobus_ellipsiprymnus","all",2,0,0
"987","Serengeti_Baskerville","Leptailurus_serval","all",2,0,0
"988","Serengeti_Baskerville","Lycaon_pictus","all",2,0,0
"989","Serengeti_Baskerville","Tragelaphus_scriptus","all",2,0,0
"990","Serengeti_Baskerville","Panthera_leo","all",2,0,0
"991","Serengeti_Baskerville","Giraffa_camelopardalis","all",2,0,0
"992","Serengeti_Baskerville","Syncerus_caffer","all",2,0,0
"993","Serengeti_Baskerville","Taurotragus_oryx","all",2,0,0
"994","Serengeti_Baskerville","Panthera_pardus","all",2,0,0
"995","Serengeti_Baskerville","Heterohyrax_brucei","all",2,0.265524943909896,0.0265781324643066
"996","Serengeti_Baskerville","Papio_anubis","all",2,0,0
"997","Serengeti_Baskerville","acacia_senegal","all",2,0,0
"998","Serengeti_Baskerville","vachellia_tortilis","all",2,0,0
"999","Serengeti_Baskerville","andropogon_greenwayi","all",2,0,0
"1000","Serengeti_Baskerville","aristida_spp.","all",2,0,0
"1001","Serengeti_Baskerville","brachiaria_semiundulata","all",2,0,0
"1002","Serengeti_Baskerville","chloris_gayana","all",2,0,0
"1003","Serengeti_Baskerville","combretum_molle","all",2,0,0
"1004","Serengeti_Baskerville","croton_macrostachyus","all",2,0,0
"1005","Serengeti_Baskerville","cynodon_dactylon","all",2,0,0
"1006","Serengeti_Baskerville","grewia_bicolor","all",2,0,0
"1007","Serengeti_Baskerville","harpachne_schimperi","all",2,0.0687921255200088,0.00767580360844522
"1008","Serengeti_Baskerville","hibiscus_spp.","all",2,0.0613718303339903,0.0102468859582745
"1009","Serengeti_Baskerville","hyparrhenia_filipendula","all",2,0,0
"1010","Serengeti_Baskerville","hyparrhenia_rufa","all",2,0.00504967735073025,0.000514826077395392
"1011","Serengeti_Baskerville","indigofera_hochstetteri","all",2,0,0
"1012","Serengeti_Baskerville","panicum_maximum","all",2,0,0
"1013","Serengeti_Baskerville","pennisetum_mezianum","all",2,0,0
"1014","Serengeti_Baskerville","sida_spp.","all",2,0,0
"1015","Serengeti_Baskerville","solanum_incanum","all",2,0,0
"1016","Serengeti_Baskerville","sporobolus_festivus","all",2,0,0
"1017","Serengeti_Baskerville","sporobolus_ioclados","all",2,0,0
"1018","Serengeti_Baskerville","sporobolus_pyramidalis","all",2,0,0
"1019","Serengeti_Baskerville","themeda_triandra","all",2,0.0619949887080695,0.00485813467773247
"1020","Serengeti_Baskerville","bothriochloa_insculpta","all",2,0,0
"1021","Serengeti_Baskerville","digitaria_macroblephara","all",2,0,0
"1022","Serengeti_Baskerville","digitaria_abyssinica","all",2,1.99977395562989e-05,5.35542116331111e-06
"1023","Serengeti_Baskerville","dinebra_retroflexa","all",2,0.000520733017816077,0.000101694015569365
"1024","Serengeti_Baskerville","eustachys_paspaloides","all",2,0.000235627400791749,4.58671178927839e-05
"1025","Serengeti_Baskerville","heteropogon_contortus","all",2,0,0
"1026","Serengeti_Baskerville","panicum_coloratum","all",2,0,0
"1027","Serengeti_Baskerville","sporobolus_spicatus","all",2,0,0
"1028","Serengeti_Baskerville","digitaria_diagonalis","all",2,0,0
"1029","Serengeti_Baskerville","eragrostis_cilianensis","all",2,0,0
"1030","Serengeti_Baskerville","eragrostis_tenuifolia","all",2,0,0
"1031","Serengeti_Baskerville","microchloa_kunthii","all",2,0,0
"1032","Serengeti_Baskerville","psilolemma_jaegeri","all",2,0,0
"1033","Serengeti_Baskerville","balanites_aegyptiacus","all",2,0,0
"1034","Serengeti_Baskerville","duosperma_kilimandscharicum","all",2,0,0
"1035","Serengeti_Baskerville","pennisetum_stramineum","all",2,0,0
"1036","Serengeti_Baskerville","sporobolus_fimbriatus","all",2,0,0
"1037","Serengeti_Baskerville","acacia_robusta","all",2,0,0
"1038","Serengeti_Baskerville","vachellia_seyal","all",2,0,0
"1039","Serengeti_Baskerville","commiphora_trothae","all",2,0,0
"1040","Serengeti_Baskerville","cordia_ovalis","all",2,0,0
"1041","Serengeti_Baskerville","grewia_arborea","all",2,0,0
"1042","Serengeti_Baskerville","grewia_trichocarpa","all",2,0,0
"1043","Serengeti_Baskerville","hibiscus_lunariifolius","all",2,0,0
"1044","Serengeti_Baskerville","maerua_cafra","all",2,0,0
"1045","Serengeti_Baskerville","olea_spp.","all",2,0,0
"1046","Serengeti_Baskerville","pavetta_assimilis","all",2,0,0
"1047","Serengeti_Baskerville","phyllanthus_sepialis","all",2,0,0
"1048","Serengeti_Baskerville","abutilon_spp.","all",2,0,0
"1049","Serengeti_Baskerville","acalypha_fruticosa","all",2,0,0
"1050","Serengeti_Baskerville","albizia_harveyi","all",2,0,0
"1051","Serengeti_Baskerville","albuca_spp.","all",2,0,0
"1052","Serengeti_Baskerville","allophylus_rubifolius","all",2,0,0
"1053","Serengeti_Baskerville","aloe_macrosiphon","all",2,0,0
"1054","Serengeti_Baskerville","aloe_secundiflora","all",2,0,0
"1055","Serengeti_Baskerville","capparis_tomentosa","all",2,0,0
"1056","Serengeti_Baskerville","cenchrus_ciliaris","all",2,0,0
"1057","Serengeti_Baskerville","cissus_quadrangularis","all",2,0,0
"1058","Serengeti_Baskerville","cissus_rotundifolia","all",2,0,0
"1059","Serengeti_Baskerville","commelina_africana","all",2,0,0
"1060","Serengeti_Baskerville","commiphora_merkeri","all",2,0,0
"1061","Serengeti_Baskerville","commiphora_schimperi","all",2,0,0
"1062","Serengeti_Baskerville","croton_dichogamus","all",2,0,0
"1063","Serengeti_Baskerville","cyphostemma_spp.","all",2,0,0
"1064","Serengeti_Baskerville","digitaria_velutina","all",2,0,0
"1065","Serengeti_Baskerville","emilia_coccinea","all",2,0,0
"1066","Serengeti_Baskerville","ficus_glumosa","all",2,0,0
"1067","Serengeti_Baskerville","ficus_ingens","all",2,0,0
"1068","Serengeti_Baskerville","ficus_thonningii","all",2,0,0
"1069","Serengeti_Baskerville","heliotropium_steudneri","all",2,0,0
"1070","Serengeti_Baskerville","hoslundia_opposita","all",2,0,0
"1071","Serengeti_Baskerville","hypoestes_forskaolii","all",2,0,0
"1072","Serengeti_Baskerville","indigofera_basiflora","all",2,0,0
"1073","Serengeti_Baskerville","ipomoea_obscura","all",2,0,0
"1074","Serengeti_Baskerville","jasminum_spp.","all",2,0,0
"1075","Serengeti_Baskerville","kalanchoe_spp.","all",2,0,0
"1076","Serengeti_Baskerville","kedrostis_foetidissima","all",2,0,0
"1077","Serengeti_Baskerville","emilia_ukambensis","all",2,0,0
"1078","Serengeti_Baskerville","ocimum_spp.","all",2,0,0
"1079","Serengeti_Baskerville","pappea_capensis","all",2,0,0
"1080","Serengeti_Baskerville","pavonia_patens","all",2,0,0
"1081","Serengeti_Baskerville","pupalia_lappacea","all",2,0,0
"1082","Serengeti_Baskerville","sclerocarya_birrea","all",2,0,0
"1083","Serengeti_Baskerville","senna_didymobotrya","all",2,0,0
"1084","Serengeti_Baskerville","sansevieria_ehrenbergii","all",2,0,0
"1085","Serengeti_Baskerville","sansevieria_suffruticosa","all",2,0,0
"1086","Serengeti_Baskerville","solanum_dennekense","all",2,0,0
"1087","Serengeti_Baskerville","tricholaena_teneriffae","all",2,0,0
"1088","Serengeti_Baskerville","turraea_fischeri","all",2,0,0
"1089","Serengeti_Baskerville","ximenia_caffra","all",2,0,0
"1090","Serengeti_Baskerville","ziziphus_spp.","all",2,0,0
"1091","Serengeti_Baskerville","Hippopotamus_amphibius","all",2,0,0
"1092","Serengeti_Baskerville","panicum_repens","all",2,0,0
"1093","Serengeti_Baskerville","andropogon_schirensis","all",2,0,0
"1094","Serengeti_Baskerville","cymbopogon_caesius","all",2,0,0
"1095","Serengeti_Baskerville","digitaria_ternata","all",2,0,0
"1096","Serengeti_Baskerville","phragmites_mauritianus","all",2,0,0
"1097","Serengeti_Baskerville","typha_capensis","all",2,0,0
"1098","Serengeti_Baskerville","Loxodonta_africana","all",2,0,0
"1099","Serengeti_Baskerville","blepharis_acanthodioides","all",2,0,0
"1100","Serengeti_Baskerville","iboza_spp.","all",2,0,0
"1101","Serengeti_Baskerville","rhoicissus_revoilii","all",2,0,0
"1102","Serengeti_Baskerville","achyranthes_aspera","all",2,0,0
"1103","Serengeti_Baskerville","boscia_augustifolia","all",2,0,0
"1104","Serengeti_Baskerville","solanum_nigrum","all",2,0,0
"1105","Serengeti_Baskerville","vachellia_xanthophloea","all",2,0,0
"1106","Serengeti_Baskerville","crotalaria_spinosa","all",2,0,0
"1107","Serengeti_Baskerville","digitaria_milanjiana","all",2,0,0
"1108","Serengeti_Baskerville","echinochloa_haploclada","all",2,0,0
"1109","Serengeti_Baskerville","euphorbia_candelabrum","all",2,0,0
"1110","Serengeti_Baskerville","kigelia_africana","all",2,0,0
"1111","Serengeti_Baskerville","panicum_deustum","all",2,0,0
"1112","Serengeti_Baskerville","sorghum_versicolor","all",2,0,0
"1113","Serengeti_Baskerville","chloris_pycnothrix","all",2,0,0
"1114","Serengeti_Baskerville","eragrostis_exasperata","all",2,0,0
"1115","Serengeti_Baskerville","cyperus_spp.","all",2,0,0
"1116","Serengeti_Baskerville","diheteropogon_amplectens","all",2,0,0
"1117","Serengeti_Baskerville","eragrostis_aspera","all",2,0,0
"1118","Serengeti_Baskerville","eriochloa_fatmensis","all",2,0,0
"1119","Serengeti_Baskerville","kyllinga_nervosa","all",2,0,0
"1120","Serengeti_Baskerville","pellaea_calomelanos","all",2,0,0
"1121","Serengeti_Baskerville","sporobolus_pellucidus","all",2,0,0
"1122","Serengeti_Baskerville","sporobolus_stapfianus","all",2,0,0
"1123","Serengeti_Baskerville","hyperthelia_dissoluta","all",2,0,0
"1124","Serengeti_Baskerville","chloris_roxburghiana","all",2,0,0
"1125","Serengeti_Baskerville","lonchocarpus_eriocalyx","all",2,0,0
"1126","Serengeti_Baskerville","setaria_pallidefusca","all",2,0,0
"1127","Serengeti_Baskerville","setaria_sphacelata","all",2,0,0
"1128","Serengeti_Baskerville","Acinonyx_jubatus","all",3,1.14182795024065e-05,1.19633564933143e-06
"1129","Serengeti_Baskerville","Aepyceros_melampus","all",3,0,0
"1130","Serengeti_Baskerville","Connochaetes_taurinus","all",3,0.00270061318271519,7.58574958048559e-05
"1131","Serengeti_Baskerville","Nanger_granti","all",3,0.00309203255660895,0.000139944754143887
"1132","Serengeti_Baskerville","Eudorcas_thomsonii","all",3,0.000108389766732664,5.6620965399861e-06
"1133","Serengeti_Baskerville","Madoqua_kirkii","all",3,0.0355594674240109,0.00161888552953327
"1134","Serengeti_Baskerville","Ourebia_ourebi","all",3,0.000240975873032234,1.24279366859603e-05
"1135","Serengeti_Baskerville","Phacochoerus_africanus","all",3,0,0
"1136","Serengeti_Baskerville","Redunca_redunca","all",3,0.0156188899527168,0.00074333480878758
"1137","Serengeti_Baskerville","Canis_aureus","all",3,2.22044604925031e-16,6.93889390390723e-18
"1138","Serengeti_Baskerville","Equus_quagga","all",3,0,0
"1139","Serengeti_Baskerville","Canis_mesomelas","all",3,0,0
"1140","Serengeti_Baskerville","Caracal_caracal","all",3,6.2200310772087e-05,7.39566128884692e-07
"1141","Serengeti_Baskerville","Pedetes_capensis","all",3,1.89784462256704e-07,1.75981085086263e-09
"1142","Serengeti_Baskerville","Procavia_capensis","all",3,0.0328420990801465,0.0012966232216951
"1143","Serengeti_Baskerville","Rhabdomys_pumilio","all",3,-1.66533453693773e-16,5.20417042793042e-18
"1144","Serengeti_Baskerville","Crocuta_crocuta","all",3,0,0
"1145","Serengeti_Baskerville","Alcelaphus_buselaphus","all",3,0.000733801832179581,4.4827968299424e-05
"1146","Serengeti_Baskerville","Damaliscus_korrigum","all",3,0,0
"1147","Serengeti_Baskerville","Kobus_ellipsiprymnus","all",3,0,0
"1148","Serengeti_Baskerville","Leptailurus_serval","all",3,2.79998924916369e-05,1.81290518392642e-06
"1149","Serengeti_Baskerville","Lycaon_pictus","all",3,-8.32667268468867e-16,1.04083408558608e-17
"1150","Serengeti_Baskerville","Tragelaphus_scriptus","all",3,9.54036378231216e-08,8.1459741903267e-10
"1151","Serengeti_Baskerville","Panthera_leo","all",3,0.0201601539155873,0.00089344429655921
"1152","Serengeti_Baskerville","Giraffa_camelopardalis","all",3,9.37772405951165e-07,8.6842106838958e-09
"1153","Serengeti_Baskerville","Syncerus_caffer","all",3,0.0163345924742719,0.000703448757671515
"1154","Serengeti_Baskerville","Taurotragus_oryx","all",3,0,0
"1155","Serengeti_Baskerville","Panthera_pardus","all",3,0.0169396804918353,0.000611831261483379
"1156","Serengeti_Baskerville","Heterohyrax_brucei","all",3,0.0414891548910986,0.0017250333649141
"1157","Serengeti_Baskerville","Papio_anubis","all",3,0,0
"1158","Serengeti_Baskerville","acacia_senegal","all",3,0,0
"1159","Serengeti_Baskerville","vachellia_tortilis","all",3,0,0
"1160","Serengeti_Baskerville","andropogon_greenwayi","all",3,0,0
"1161","Serengeti_Baskerville","aristida_spp.","all",3,0,0
"1162","Serengeti_Baskerville","brachiaria_semiundulata","all",3,0,0
"1163","Serengeti_Baskerville","chloris_gayana","all",3,0,0
"1164","Serengeti_Baskerville","combretum_molle","all",3,0,0
"1165","Serengeti_Baskerville","croton_macrostachyus","all",3,0,0
"1166","Serengeti_Baskerville","cynodon_dactylon","all",3,0,0
"1167","Serengeti_Baskerville","grewia_bicolor","all",3,0,0
"1168","Serengeti_Baskerville","harpachne_schimperi","all",3,0.0132815576249901,0.000657865633996668
"1169","Serengeti_Baskerville","hibiscus_spp.","all",3,0.0137835622709483,0.000878223893067694
"1170","Serengeti_Baskerville","hyparrhenia_filipendula","all",3,0,0
"1171","Serengeti_Baskerville","hyparrhenia_rufa","all",3,0.000994658139336135,4.41238990834866e-05
"1172","Serengeti_Baskerville","indigofera_hochstetteri","all",3,0,0
"1173","Serengeti_Baskerville","panicum_maximum","all",3,0,0
"1174","Serengeti_Baskerville","pennisetum_mezianum","all",3,0,0
"1175","Serengeti_Baskerville","sida_spp.","all",3,0,0
"1176","Serengeti_Baskerville","solanum_incanum","all",3,0,0
"1177","Serengeti_Baskerville","sporobolus_festivus","all",3,0,0
"1178","Serengeti_Baskerville","sporobolus_ioclados","all",3,0,0
"1179","Serengeti_Baskerville","sporobolus_pyramidalis","all",3,0,0
"1180","Serengeti_Baskerville","themeda_triandra","all",3,0.010207715065543,0.000416373322304842
"1181","Serengeti_Baskerville","bothriochloa_insculpta","all",3,0,0
"1182","Serengeti_Baskerville","digitaria_macroblephara","all",3,0,0
"1183","Serengeti_Baskerville","digitaria_abyssinica","all",3,3.94688724558723e-06,4.63864825619997e-07
"1184","Serengeti_Baskerville","dinebra_retroflexa","all",3,0.000123744898484601,8.7158298256295e-06
"1185","Serengeti_Baskerville","eustachys_paspaloides","all",3,5.14773633494281e-05,3.93110638720329e-06
"1186","Serengeti_Baskerville","heteropogon_contortus","all",3,0,0
"1187","Serengeti_Baskerville","panicum_coloratum","all",3,0,0
"1188","Serengeti_Baskerville","sporobolus_spicatus","all",3,2.7383895639943e-06,3.3081624951567e-08
"1189","Serengeti_Baskerville","digitaria_diagonalis","all",3,0,0
"1190","Serengeti_Baskerville","eragrostis_cilianensis","all",3,0,0
"1191","Serengeti_Baskerville","eragrostis_tenuifolia","all",3,0,0
"1192","Serengeti_Baskerville","microchloa_kunthii","all",3,0,0
"1193","Serengeti_Baskerville","psilolemma_jaegeri","all",3,0,0
"1194","Serengeti_Baskerville","balanites_aegyptiacus","all",3,0,0
"1195","Serengeti_Baskerville","duosperma_kilimandscharicum","all",3,0,0
"1196","Serengeti_Baskerville","pennisetum_stramineum","all",3,0,0
"1197","Serengeti_Baskerville","sporobolus_fimbriatus","all",3,0,0
"1198","Serengeti_Baskerville","acacia_robusta","all",3,0,0
"1199","Serengeti_Baskerville","vachellia_seyal","all",3,0,0
"1200","Serengeti_Baskerville","commiphora_trothae","all",3,0,0
"1201","Serengeti_Baskerville","cordia_ovalis","all",3,0,0
"1202","Serengeti_Baskerville","grewia_arborea","all",3,0,0
"1203","Serengeti_Baskerville","grewia_trichocarpa","all",3,0,0
"1204","Serengeti_Baskerville","hibiscus_lunariifolius","all",3,0,0
"1205","Serengeti_Baskerville","maerua_cafra","all",3,0,0
"1206","Serengeti_Baskerville","olea_spp.","all",3,0,0
"1207","Serengeti_Baskerville","pavetta_assimilis","all",3,0,0
"1208","Serengeti_Baskerville","phyllanthus_sepialis","all",3,0,0
"1209","Serengeti_Baskerville","abutilon_spp.","all",3,0,0
"1210","Serengeti_Baskerville","acalypha_fruticosa","all",3,0,0
"1211","Serengeti_Baskerville","albizia_harveyi","all",3,0,0
"1212","Serengeti_Baskerville","albuca_spp.","all",3,0,0
"1213","Serengeti_Baskerville","allophylus_rubifolius","all",3,0,0
"1214","Serengeti_Baskerville","aloe_macrosiphon","all",3,0,0
"1215","Serengeti_Baskerville","aloe_secundiflora","all",3,0,0
"1216","Serengeti_Baskerville","capparis_tomentosa","all",3,0,0
"1217","Serengeti_Baskerville","cenchrus_ciliaris","all",3,0,0
"1218","Serengeti_Baskerville","cissus_quadrangularis","all",3,0,0
"1219","Serengeti_Baskerville","cissus_rotundifolia","all",3,0,0
"1220","Serengeti_Baskerville","commelina_africana","all",3,0,0
"1221","Serengeti_Baskerville","commiphora_merkeri","all",3,0,0
"1222","Serengeti_Baskerville","commiphora_schimperi","all",3,0,0
"1223","Serengeti_Baskerville","croton_dichogamus","all",3,0,0
"1224","Serengeti_Baskerville","cyphostemma_spp.","all",3,0,0
"1225","Serengeti_Baskerville","digitaria_velutina","all",3,0,0
"1226","Serengeti_Baskerville","emilia_coccinea","all",3,0,0
"1227","Serengeti_Baskerville","ficus_glumosa","all",3,0,0
"1228","Serengeti_Baskerville","ficus_ingens","all",3,0,0
"1229","Serengeti_Baskerville","ficus_thonningii","all",3,0,0
"1230","Serengeti_Baskerville","heliotropium_steudneri","all",3,0,0
"1231","Serengeti_Baskerville","hoslundia_opposita","all",3,0,0
"1232","Serengeti_Baskerville","hypoestes_forskaolii","all",3,0,0
"1233","Serengeti_Baskerville","indigofera_basiflora","all",3,0,0
"1234","Serengeti_Baskerville","ipomoea_obscura","all",3,0,0
"1235","Serengeti_Baskerville","jasminum_spp.","all",3,0,0
"1236","Serengeti_Baskerville","kalanchoe_spp.","all",3,0,0
"1237","Serengeti_Baskerville","kedrostis_foetidissima","all",3,0,0
"1238","Serengeti_Baskerville","emilia_ukambensis","all",3,0,0
"1239","Serengeti_Baskerville","ocimum_spp.","all",3,0,0
"1240","Serengeti_Baskerville","pappea_capensis","all",3,0,0
"1241","Serengeti_Baskerville","pavonia_patens","all",3,0,0
"1242","Serengeti_Baskerville","pupalia_lappacea","all",3,0,0
"1243","Serengeti_Baskerville","sclerocarya_birrea","all",3,0,0
"1244","Serengeti_Baskerville","senna_didymobotrya","all",3,0,0
"1245","Serengeti_Baskerville","sansevieria_ehrenbergii","all",3,0,0
"1246","Serengeti_Baskerville","sansevieria_suffruticosa","all",3,0,0
"1247","Serengeti_Baskerville","solanum_dennekense","all",3,0,0
"1248","Serengeti_Baskerville","tricholaena_teneriffae","all",3,0,0
"1249","Serengeti_Baskerville","turraea_fischeri","all",3,0,0
"1250","Serengeti_Baskerville","ximenia_caffra","all",3,0,0
"1251","Serengeti_Baskerville","ziziphus_spp.","all",3,0,0
"1252","Serengeti_Baskerville","Hippopotamus_amphibius","all",3,0.00492493320748388,0.000297633888922661
"1253","Serengeti_Baskerville","panicum_repens","all",3,4.69197735403215e-06,5.71076093254519e-08
"1254","Serengeti_Baskerville","andropogon_schirensis","all",3,0,0
"1255","Serengeti_Baskerville","cymbopogon_caesius","all",3,0,0
"1256","Serengeti_Baskerville","digitaria_ternata","all",3,0,0
"1257","Serengeti_Baskerville","phragmites_mauritianus","all",3,0,0
"1258","Serengeti_Baskerville","typha_capensis","all",3,0,0
"1259","Serengeti_Baskerville","Loxodonta_africana","all",3,0.0204183498624673,0.000794534865988079
"1260","Serengeti_Baskerville","blepharis_acanthodioides","all",3,0,0
"1261","Serengeti_Baskerville","iboza_spp.","all",3,0,0
"1262","Serengeti_Baskerville","rhoicissus_revoilii","all",3,0,0
"1263","Serengeti_Baskerville","achyranthes_aspera","all",3,0,0
"1264","Serengeti_Baskerville","boscia_augustifolia","all",3,0,0
"1265","Serengeti_Baskerville","solanum_nigrum","all",3,0,0
"1266","Serengeti_Baskerville","vachellia_xanthophloea","all",3,0,0
"1267","Serengeti_Baskerville","crotalaria_spinosa","all",3,0,0
"1268","Serengeti_Baskerville","digitaria_milanjiana","all",3,0,0
"1269","Serengeti_Baskerville","echinochloa_haploclada","all",3,0,0
"1270","Serengeti_Baskerville","euphorbia_candelabrum","all",3,0,0
"1271","Serengeti_Baskerville","kigelia_africana","all",3,0,0
"1272","Serengeti_Baskerville","panicum_deustum","all",3,0,0
"1273","Serengeti_Baskerville","sorghum_versicolor","all",3,0,0
"1274","Serengeti_Baskerville","chloris_pycnothrix","all",3,0,0
"1275","Serengeti_Baskerville","eragrostis_exasperata","all",3,0,0
"1276","Serengeti_Baskerville","cyperus_spp.","all",3,0,0
"1277","Serengeti_Baskerville","diheteropogon_amplectens","all",3,0,0
"1278","Serengeti_Baskerville","eragrostis_aspera","all",3,0,0
"1279","Serengeti_Baskerville","eriochloa_fatmensis","all",3,0,0
"1280","Serengeti_Baskerville","kyllinga_nervosa","all",3,0,0
"1281","Serengeti_Baskerville","pellaea_calomelanos","all",3,0,0
"1282","Serengeti_Baskerville","sporobolus_pellucidus","all",3,0,0
"1283","Serengeti_Baskerville","sporobolus_stapfianus","all",3,0,0
"1284","Serengeti_Baskerville","hyperthelia_dissoluta","all",3,5.34746467454328e-05,5.72526778888638e-07
"1285","Serengeti_Baskerville","chloris_roxburghiana","all",3,0,0
"1286","Serengeti_Baskerville","lonchocarpus_eriocalyx","all",3,0,0
"1287","Serengeti_Baskerville","setaria_pallidefusca","all",3,0,0
"1288","Serengeti_Baskerville","setaria_sphacelata","all",3,0,0
"1289","Serengeti_Baskerville","Acinonyx_jubatus","all",4,9.09690381037387e-07,6.49189598278619e-08
"1290","Serengeti_Baskerville","Aepyceros_melampus","all",4,0.00345241226807345,9.83505141265956e-05
"1291","Serengeti_Baskerville","Connochaetes_taurinus","all",4,0.000336418015734766,8.5976190291482e-06
"1292","Serengeti_Baskerville","Nanger_granti","all",4,0.000504522862890676,1.71191094133268e-05
"1293","Serengeti_Baskerville","Eudorcas_thomsonii","all",4,0.000399909580362096,1.23058929831716e-05
"1294","Serengeti_Baskerville","Madoqua_kirkii","all",4,0.00570307301129027,0.000181685241552971
"1295","Serengeti_Baskerville","Ourebia_ourebi","all",4,0.000108806043385222,2.96128874865942e-06
"1296","Serengeti_Baskerville","Phacochoerus_africanus","all",4,1.20105258452005e-05,3.37865214119311e-07
"1297","Serengeti_Baskerville","Redunca_redunca","all",4,0.00255771260794455,7.66264068355618e-05
"1298","Serengeti_Baskerville","Canis_aureus","all",4,6.93889390390723e-18,-8.02309607639273e-18
"1299","Serengeti_Baskerville","Equus_quagga","all",4,0,0
"1300","Serengeti_Baskerville","Canis_mesomelas","all",4,0,0
"1301","Serengeti_Baskerville","Caracal_caracal","all",4,1.55927206059447e-06,1.6099567463684e-08
"1302","Serengeti_Baskerville","Pedetes_capensis","all",4,4.10961322402925e-08,3.23185950007118e-10
"1303","Serengeti_Baskerville","Procavia_capensis","all",4,0.014850059480276,0.000409168428631584
"1304","Serengeti_Baskerville","Rhabdomys_pumilio","all",4,0.00224927883145256,6.69050798970735e-05
"1305","Serengeti_Baskerville","Crocuta_crocuta","all",4,0,0
"1306","Serengeti_Baskerville","Alcelaphus_buselaphus","all",4,9.8114572942766e-05,4.15435331533914e-06
"1307","Serengeti_Baskerville","Damaliscus_korrigum","all",4,0,0
"1308","Serengeti_Baskerville","Kobus_ellipsiprymnus","all",4,0,0
"1309","Serengeti_Baskerville","Leptailurus_serval","all",4,1.93646534589476e-06,9.66444545400739e-08
"1310","Serengeti_Baskerville","Lycaon_pictus","all",4,0,0
"1311","Serengeti_Baskerville","Tragelaphus_scriptus","all",4,2.18843038829464e-09,1.47391296216604e-11
"1312","Serengeti_Baskerville","Panthera_leo","all",4,0.00268740045504848,9.04372060212689e-05
"1313","Serengeti_Baskerville","Giraffa_camelopardalis","all",4,0.00377737068352515,0.000127824543118951
"1314","Serengeti_Baskerville","Syncerus_caffer","all",4,0.00307287531447118,9.61189919354713e-05
"1315","Serengeti_Baskerville","Taurotragus_oryx","all",4,0,0
"1316","Serengeti_Baskerville","Panthera_pardus","all",4,0.00223440144869419,6.15386256924083e-05
"1317","Serengeti_Baskerville","Heterohyrax_brucei","all",4,0.00634764662625527,0.000178474754631178
"1318","Serengeti_Baskerville","Papio_anubis","all",4,1.66533453693773e-16,5.63785129692462e-18
"1319","Serengeti_Baskerville","acacia_senegal","all",4,0.00252109457044474,6.8809355868894e-05
"1320","Serengeti_Baskerville","vachellia_tortilis","all",4,0,0
"1321","Serengeti_Baskerville","andropogon_greenwayi","all",4,-2.77555756156289e-17,-4.33680868994202e-19
"1322","Serengeti_Baskerville","aristida_spp.","all",4,0.000224470878638187,1.06895788773809e-05
"1323","Serengeti_Baskerville","brachiaria_semiundulata","all",4,0,0
"1324","Serengeti_Baskerville","chloris_gayana","all",4,9.01365237264418e-06,6.77873718624503e-07
"1325","Serengeti_Baskerville","combretum_molle","all",4,0,0
"1326","Serengeti_Baskerville","croton_macrostachyus","all",4,1.38777878078145e-17,1.51788304147971e-18
"1327","Serengeti_Baskerville","cynodon_dactylon","all",4,0.000508064464288333,1.3281100570379e-05
"1328","Serengeti_Baskerville","grewia_bicolor","all",4,0,0
"1329","Serengeti_Baskerville","harpachne_schimperi","all",4,0.00113161710402828,3.89960099359357e-05
"1330","Serengeti_Baskerville","hibiscus_spp.","all",4,0.00338713782408433,0.000118448040317259
"1331","Serengeti_Baskerville","hyparrhenia_filipendula","all",4,4.67052242744195e-05,1.58213222839075e-06
"1332","Serengeti_Baskerville","hyparrhenia_rufa","all",4,0.000165290733030468,7.28908204893075e-06
"1333","Serengeti_Baskerville","indigofera_hochstetteri","all",4,-1.04083408558608e-16,-4.33680868994202e-19
"1334","Serengeti_Baskerville","panicum_maximum","all",4,0,0
"1335","Serengeti_Baskerville","pennisetum_mezianum","all",4,4.86190520479698e-05,1.85982411416243e-06
"1336","Serengeti_Baskerville","sida_spp.","all",4,7.85545930357956e-05,4.16925091847593e-06
"1337","Serengeti_Baskerville","solanum_incanum","all",4,0.000466154982277894,1.77021856590752e-05
"1338","Serengeti_Baskerville","sporobolus_festivus","all",4,2.78545866065003e-05,1.86497688336876e-06
"1339","Serengeti_Baskerville","sporobolus_ioclados","all",4,0.000317527340821452,9.63492335191675e-06
"1340","Serengeti_Baskerville","sporobolus_pyramidalis","all",4,0,0
"1341","Serengeti_Baskerville","themeda_triandra","all",4,0.00116941285319016,3.75823442771818e-05
"1342","Serengeti_Baskerville","bothriochloa_insculpta","all",4,0.00160617980016883,4.3695499132491e-05
"1343","Serengeti_Baskerville","digitaria_macroblephara","all",4,0,0
"1344","Serengeti_Baskerville","digitaria_abyssinica","all",4,1.58170744378461e-06,1.18514846459425e-07
"1345","Serengeti_Baskerville","dinebra_retroflexa","all",4,3.80150347839558e-06,1.92787306021146e-07
"1346","Serengeti_Baskerville","eustachys_paspaloides","all",4,0.000385321542405115,1.01547714978943e-05
"1347","Serengeti_Baskerville","heteropogon_contortus","all",4,0.000471870365940312,1.91125800394964e-05
"1348","Serengeti_Baskerville","panicum_coloratum","all",4,0,0
"1349","Serengeti_Baskerville","sporobolus_spicatus","all",4,2.2173529484748e-08,1.8800923708498e-10
"1350","Serengeti_Baskerville","digitaria_diagonalis","all",4,8.31164496402359e-07,7.16886251308016e-08
"1351","Serengeti_Baskerville","eragrostis_cilianensis","all",4,-2.08166817117217e-17,-4.33680868994202e-19
"1352","Serengeti_Baskerville","eragrostis_tenuifolia","all",4,0,0
"1353","Serengeti_Baskerville","microchloa_kunthii","all",4,0,0
"1354","Serengeti_Baskerville","psilolemma_jaegeri","all",4,0,0
"1355","Serengeti_Baskerville","balanites_aegyptiacus","all",4,-9.71445146547012e-17,-1.51788304147971e-18
"1356","Serengeti_Baskerville","duosperma_kilimandscharicum","all",4,0,0
"1357","Serengeti_Baskerville","pennisetum_stramineum","all",4,0,-1.73472347597681e-18
"1358","Serengeti_Baskerville","sporobolus_fimbriatus","all",4,0,0
"1359","Serengeti_Baskerville","acacia_robusta","all",4,0,0
"1360","Serengeti_Baskerville","vachellia_seyal","all",4,5.15493833459432e-05,7.38490606710549e-07
"1361","Serengeti_Baskerville","commiphora_trothae","all",4,4.44687633720034e-05,2.26276990812624e-06
"1362","Serengeti_Baskerville","cordia_ovalis","all",4,0,0
"1363","Serengeti_Baskerville","grewia_arborea","all",4,0,0
"1364","Serengeti_Baskerville","grewia_trichocarpa","all",4,0,0
"1365","Serengeti_Baskerville","hibiscus_lunariifolius","all",4,0,0
"1366","Serengeti_Baskerville","maerua_cafra","all",4,0,0
"1367","Serengeti_Baskerville","olea_spp.","all",4,3.39301395649305e-05,1.13796847319358e-06
"1368","Serengeti_Baskerville","pavetta_assimilis","all",4,0,0
"1369","Serengeti_Baskerville","phyllanthus_sepialis","all",4,0,0
"1370","Serengeti_Baskerville","abutilon_spp.","all",4,0,0
"1371","Serengeti_Baskerville","acalypha_fruticosa","all",4,0,0
"1372","Serengeti_Baskerville","albizia_harveyi","all",4,0,0
"1373","Serengeti_Baskerville","albuca_spp.","all",4,0,0
"1374","Serengeti_Baskerville","allophylus_rubifolius","all",4,0,0
"1375","Serengeti_Baskerville","aloe_macrosiphon","all",4,0,0
"1376","Serengeti_Baskerville","aloe_secundiflora","all",4,0,0
"1377","Serengeti_Baskerville","capparis_tomentosa","all",4,0,0
"1378","Serengeti_Baskerville","cenchrus_ciliaris","all",4,0,0
"1379","Serengeti_Baskerville","cissus_quadrangularis","all",4,0,0
"1380","Serengeti_Baskerville","cissus_rotundifolia","all",4,0,0
"1381","Serengeti_Baskerville","commelina_africana","all",4,0,0
"1382","Serengeti_Baskerville","commiphora_merkeri","all",4,0,0
"1383","Serengeti_Baskerville","commiphora_schimperi","all",4,0,0
"1384","Serengeti_Baskerville","croton_dichogamus","all",4,0,0
"1385","Serengeti_Baskerville","cyphostemma_spp.","all",4,0,0
"1386","Serengeti_Baskerville","digitaria_velutina","all",4,0,0
"1387","Serengeti_Baskerville","emilia_coccinea","all",4,0,0
"1388","Serengeti_Baskerville","ficus_glumosa","all",4,0,0
"1389","Serengeti_Baskerville","ficus_ingens","all",4,0,0
"1390","Serengeti_Baskerville","ficus_thonningii","all",4,0,0
"1391","Serengeti_Baskerville","heliotropium_steudneri","all",4,0,0
"1392","Serengeti_Baskerville","hoslundia_opposita","all",4,0,0
"1393","Serengeti_Baskerville","hypoestes_forskaolii","all",4,0,0
"1394","Serengeti_Baskerville","indigofera_basiflora","all",4,5.31916966332174e-06,4.16088208991588e-07
"1395","Serengeti_Baskerville","ipomoea_obscura","all",4,0,0
"1396","Serengeti_Baskerville","jasminum_spp.","all",4,0,0
"1397","Serengeti_Baskerville","kalanchoe_spp.","all",4,4.30603389790785e-06,3.10776852708791e-07
"1398","Serengeti_Baskerville","kedrostis_foetidissima","all",4,0,0
"1399","Serengeti_Baskerville","emilia_ukambensis","all",4,0,0
"1400","Serengeti_Baskerville","ocimum_spp.","all",4,0,0
"1401","Serengeti_Baskerville","pappea_capensis","all",4,0,0
"1402","Serengeti_Baskerville","pavonia_patens","all",4,0,0
"1403","Serengeti_Baskerville","pupalia_lappacea","all",4,0,0
"1404","Serengeti_Baskerville","sclerocarya_birrea","all",4,0,0
"1405","Serengeti_Baskerville","senna_didymobotrya","all",4,0,0
"1406","Serengeti_Baskerville","sansevieria_ehrenbergii","all",4,0,0
"1407","Serengeti_Baskerville","sansevieria_suffruticosa","all",4,0,0
"1408","Serengeti_Baskerville","solanum_dennekense","all",4,0,0
"1409","Serengeti_Baskerville","tricholaena_teneriffae","all",4,0,0
"1410","Serengeti_Baskerville","turraea_fischeri","all",4,0,0
"1411","Serengeti_Baskerville","ximenia_caffra","all",4,0,0
"1412","Serengeti_Baskerville","ziziphus_spp.","all",4,0,0
"1413","Serengeti_Baskerville","Hippopotamus_amphibius","all",4,0.00134137445340232,6.12723157366608e-05
"1414","Serengeti_Baskerville","panicum_repens","all",4,9.03290980971971e-08,7.89374130297227e-10
"1415","Serengeti_Baskerville","andropogon_schirensis","all",4,0,0
"1416","Serengeti_Baskerville","cymbopogon_caesius","all",4,0,0
"1417","Serengeti_Baskerville","digitaria_ternata","all",4,5.15113244505677e-06,2.23215440173664e-07
"1418","Serengeti_Baskerville","phragmites_mauritianus","all",4,0,0
"1419","Serengeti_Baskerville","typha_capensis","all",4,0,0
"1420","Serengeti_Baskerville","Loxodonta_africana","all",4,0.0132951711258497,0.000379467043675618
"1421","Serengeti_Baskerville","blepharis_acanthodioides","all",4,0,0
"1422","Serengeti_Baskerville","iboza_spp.","all",4,0,0
"1423","Serengeti_Baskerville","rhoicissus_revoilii","all",4,0,0
"1424","Serengeti_Baskerville","achyranthes_aspera","all",4,0,0
"1425","Serengeti_Baskerville","boscia_augustifolia","all",4,0,0
"1426","Serengeti_Baskerville","solanum_nigrum","all",4,0,0
"1427","Serengeti_Baskerville","vachellia_xanthophloea","all",4,0,0
"1428","Serengeti_Baskerville","crotalaria_spinosa","all",4,0,0
"1429","Serengeti_Baskerville","digitaria_milanjiana","all",4,0,0
"1430","Serengeti_Baskerville","echinochloa_haploclada","all",4,0,0
"1431","Serengeti_Baskerville","euphorbia_candelabrum","all",4,0,0
"1432","Serengeti_Baskerville","kigelia_africana","all",4,0,0
"1433","Serengeti_Baskerville","panicum_deustum","all",4,0,0
"1434","Serengeti_Baskerville","sorghum_versicolor","all",4,0,0
"1435","Serengeti_Baskerville","chloris_pycnothrix","all",4,3.91364605632077e-06,1.22182287980686e-07
"1436","Serengeti_Baskerville","eragrostis_exasperata","all",4,0,0
"1437","Serengeti_Baskerville","cyperus_spp.","all",4,0,0
"1438","Serengeti_Baskerville","diheteropogon_amplectens","all",4,0,0
"1439","Serengeti_Baskerville","eragrostis_aspera","all",4,0,0
"1440","Serengeti_Baskerville","eriochloa_fatmensis","all",4,0,0
"1441","Serengeti_Baskerville","kyllinga_nervosa","all",4,0,0
"1442","Serengeti_Baskerville","pellaea_calomelanos","all",4,0,0
"1443","Serengeti_Baskerville","sporobolus_pellucidus","all",4,0,0
"1444","Serengeti_Baskerville","sporobolus_stapfianus","all",4,0,0
"1445","Serengeti_Baskerville","hyperthelia_dissoluta","all",4,1.95009600150592e-06,3.34929851986479e-08
"1446","Serengeti_Baskerville","chloris_roxburghiana","all",4,0.000167718298454453,7.83365992562722e-06
"1447","Serengeti_Baskerville","lonchocarpus_eriocalyx","all",4,0,0
"1448","Serengeti_Baskerville","setaria_pallidefusca","all",4,0,0
"1449","Serengeti_Baskerville","setaria_sphacelata","all",4,0,0
