"","X1","X2","X3","X4"
"157","Acinonyx_jubatus",61,52,69
"136","Aepyceros_melampus",99,58,58
"134","Connochaetes_taurinus",137,79,76
"137","Nanger_granti",149.5,87.5,152.5
"138","Eudorcas_thomsonii",149.5,87.5,152.5
"141","Madoqua_kirkii",99,58,58
"142","Ourebia_ourebi",99,58,58
"148","Phacochoerus_africanus",20,17,20
"140","Redunca_redunca",121.5,66.5,64.5
"150","Canis_aureus",92.5,64.5,159.5
"149","Equus_quagga",8,9,11
"151","Canis_mesomelas",92.5,64.5,159.5
"155","Caracal_caracal",141.5,74.5,138.5
"130","Pedetes_capensis",9.5,7.5,12.5
"160","Procavia_capensis",5.5,25.5,80.5
"131","Rhabdomys_pumilio",9.5,7.5,12.5
"158","Crocuta_crocuta",30,32,42
"133","Alcelaphus_buselaphus",137,79,76
"135","Damaliscus_korrigum",137,79,76
"139","Kobus_ellipsiprymnus",121.5,66.5,64.5
"156","Leptailurus_serval",141.5,74.5,138.5
"152","Lycaon_pictus",44,60,158
"145","Tragelaphus_scriptus",123.5,70.5,70.5
"153","Panthera_leo",147.5,81.5,154.5
"146","Giraffa_camelopardalis",57,47,51
"143","Syncerus_caffer",101,56,60
"144","Taurotragus_oryx",123.5,70.5,70.5
"154","Panthera_pardus",147.5,81.5,154.5
"159","Heterohyrax_brucei",5.5,25.5,80.5
"132","Papio_anubis",2,5,9
"48","acacia_senegal",118.5,112.5,88.5
"50","vachellia_tortilis",132,122,150
"104","andropogon_greenwayi",139.5,119.5,132.5
"75","aristida_spp.",13,12,7
"116","brachiaria_semiundulata",114,117,67
"93","chloris_gayana",155,157,144
"63","combretum_molle",11,3,2.5
"59","croton_macrostachyus",86.5,85.5,88.5
"91","cynodon_dactylon",159.5,159.5,156.5
"23","grewia_bicolor",82,110,111
"81","harpachne_schimperi",65.5,96.5,48.5
"26","hibiscus_spp.",129.5,107.5,111
"102","hyparrhenia_filipendula",157.5,130.5,144
"103","hyparrhenia_rufa",157.5,130.5,144
"56","indigofera_hochstetteri",118.5,105.5,88.5
"110","panicum_maximum",126.5,145.5,111
"112","pennisetum_mezianum",134.5,126.5,132.5
"29","sida_spp.",96.5,103.5,73.5
"16","solanum_incanum",70,94,88.5
"83","sporobolus_festivus",107,152,111
"85","sporobolus_ioclados",107,152,111
"87","sporobolus_pyramidalis",107,152,111
"97","themeda_triandra",151.5,124.5,147.5
"99","bothriochloa_insculpta",115,114,68
"124","digitaria_macroblephara",77.5,140.5,111
"122","digitaria_abyssinica",77.5,140.5,111
"96","dinebra_retroflexa",90,115,56
"90","eustachys_paspaloides",159.5,159.5,156.5
"98","heteropogon_contortus",151.5,124.5,147.5
"108","panicum_coloratum",126.5,145.5,111
"88","sporobolus_spicatus",107,152,111
"123","digitaria_diagonalis",77.5,140.5,111
"78","eragrostis_cilianensis",107,135.5,111
"80","eragrostis_tenuifolia",107,135.5,111
"92","microchloa_kunthii",153,148,127
"82","psilolemma_jaegeri",65.5,96.5,48.5
"62","balanites_aegyptiacus",17,11,6
"5","duosperma_kilimandscharicum",84.5,76.5,62
"113","pennisetum_stramineum",134.5,126.5,132.5
"84","sporobolus_fimbriatus",107,152,111
"47","acacia_robusta",118.5,112.5,88.5
"49","vachellia_seyal",132,122,150
"33","commiphora_trothae",73,99,111
"12","cordia_ovalis",39.5,29.5,32.5
"22","grewia_arborea",82,110,111
"24","grewia_trichocarpa",82,110,111
"25","hibiscus_lunariifolius",129.5,107.5,111
"40","maerua_cafra",58,55,50
"11","olea_spp.",41.5,35.5,36.5
"18","pavetta_assimilis",21,16,10
"61","phyllanthus_sepialis",25,24,16
"28","abutilon_spp.",96.5,103.5,73.5
"57","acalypha_fruticosa",45.5,42.5,39.5
"52","albizia_harveyi",59.5,73,43.5
"71","albuca_spp.",16,33,30
"36","allophylus_rubifolius",67.5,50.5,53.5
"72","aloe_macrosiphon",26.5,53.5,88.5
"73","aloe_secundiflora",26.5,53.5,88.5
"39","capparis_tomentosa",94.5,83.5,78.5
"117","cenchrus_ciliaris",113,116,66
"64","cissus_quadrangularis",47.5,45.5,111
"65","cissus_rotundifolia",47.5,45.5,111
"74","commelina_africana",4,4,2.5
"31","commiphora_merkeri",73,99,111
"32","commiphora_schimperi",73,99,111
"58","croton_dichogamus",86.5,85.5,88.5
"66","cyphostemma_spp.",14.5,20.5,17.5
"121","digitaria_velutina",77.5,140.5,111
"2","emilia_coccinea",33.5,39.5,132.5
"42","ficus_glumosa",63,90,88.5
"43","ficus_ingens",63,90,88.5
"44","ficus_thonningii",63,90,88.5
"13","heliotropium_steudneri",39.5,29.5,32.5
"7","hoslundia_opposita",55,62,46
"6","hypoestes_forskaolii",84.5,76.5,62
"55","indigofera_basiflora",118.5,105.5,88.5
"14","ipomoea_obscura",36,28,23
"10","jasminum_spp.",41.5,35.5,36.5
"68","kalanchoe_spp.",3,1,1
"41","kedrostis_foetidissima",22,13,8
"3","emilia_ukambensis",33.5,39.5,132.5
"9","ocimum_spp.",55,62,46
"35","pappea_capensis",67.5,50.5,53.5
"27","pavonia_patens",91,102,62
"20","pupalia_lappacea",18.5,14.5,26.5
"30","sclerocarya_birrea",37,27,21
"46","senna_didymobotrya",31,34,22
"69","sansevieria_ehrenbergii",52.5,68.5,132.5
"70","sansevieria_suffruticosa",52.5,68.5,132.5
"15","solanum_dennekense",70,94,88.5
"115","tricholaena_teneriffae",145.5,132.5,140.5
"34","turraea_fischeri",43,38,31
"21","ximenia_caffra",7,2,4
"45","ziziphus_spp.",28,19,14
"147","Hippopotamus_amphibius",32,18,25
"111","panicum_repens",126.5,145.5,111
"105","andropogon_schirensis",139.5,119.5,132.5
"100","cymbopogon_caesius",89,101,52
"126","digitaria_ternata",77.5,140.5,111
"76","phragmites_mauritianus",29,31,19
"129","typha_capensis",12,6,5
"161","Loxodonta_africana",1,10,15
"4","blepharis_acanthodioides",51,44,41
"8","iboza_spp.",55,62,46
"67","rhoicissus_revoilii",14.5,20.5,17.5
"19","achyranthes_aspera",18.5,14.5,26.5
"38","boscia_augustifolia",94.5,83.5,78.5
"17","solanum_nigrum",70,94,88.5
"51","vachellia_xanthophloea",132,122,150
"53","crotalaria_spinosa",59.5,72,43.5
"125","digitaria_milanjiana",77.5,140.5,111
"120","echinochloa_haploclada",49,49,34
"60","euphorbia_candelabrum",45.5,42.5,39.5
"37","kigelia_africana",35,41,38
"109","panicum_deustum",126.5,145.5,111
"106","sorghum_versicolor",50,48,35
"94","chloris_pycnothrix",155,157,144
"79","eragrostis_exasperata",107,135.5,111
"127","cyperus_spp.",23.5,22.5,28.5
"101","diheteropogon_amplectens",116,118,72
"77","eragrostis_aspera",107,135.5,111
"114","eriochloa_fatmensis",145.5,132.5,140.5
"128","kyllinga_nervosa",23.5,22.5,28.5
"1","pellaea_calomelanos",0,0,0
"86","sporobolus_pellucidus",107,152,111
"89","sporobolus_stapfianus",107,152,111
"107","hyperthelia_dissoluta",38,37,24
"95","chloris_roxburghiana",155,157,144
"54","lonchocarpus_eriocalyx",88,92,55
"118","setaria_pallidefusca",143.5,128.5,132.5
"119","setaria_sphacelata",143.5,128.5,132.5
